"poly-component__picture src","poly-component__title","poly-component__title href","andes-money-amount__fraction","andes-money-amount__currency-symbol 2","andes-money-amount__fraction 2","andes-money-amount__discount","poly-price__installments","andes-money-amount__currency-symbol 3","andes-money-amount__fraction 3"
"https://http2.mlstatic.com/D_Q_NP_2X_757618-MLC86558890301_062025-P.webp","Tazón Coca-cola Personalizado Con Nombre Rojo","https://click1.mercadolibre.cl/mclics/clicks/external/MLC/count?a=fwRL4v169WD8avRGKI%2B6%2FJr8eo%2FwL6dFUb8oB7%2FjERzC09GfKuReyDDQKaJcYMwrX8XOxxcCAjzqxPrgdXjLcj1JarEmw3mUioTosdy1nGFR48HqYS79t1R3H6bJ9hIp48GylFeQQClLFi4jSziaq3FDfHePum%2FOKcyAJDAy2G%2BZMw82tcJr8HVIrxjTuPCGp36ZdaFiC4whrsSLVeWcu5wmub3Z0KMnA8WJW8ofRqNQiDa86%2BrBq7AO4tU50WlP8sQLsEF6lFVTIkrejC%2BrOOjhgbuzdxzigyK2qD%2Bsm5y7cAFnnFCriSR4a3JMhmcq9oSqxzEL%2BLn8TiwYgJjWVS7UIrjZIgGMvAJAq5rJE3qe72VfHhmToGNx%2FxUdIknNgpinYC5CHvK2LDAab8T2gwlxasr7G2ImG0gUkRGote%2FZIvzc%2BYG4L%2FBNOLk0kxW%2Bba9jvkf6nXiyuWICjIalj%2F155AMbHa1zfvKJlzUS%2BQJoqsBs5TopB5FGk2xks4d2FxViMqYXAGN%2BHINmgNFgHuYYNb1RQd8KyyZC8FwOPEKwjtJzQ65z5XslwePHs5hM8MWNC6Bp%2FF%2F50lDFFcwA9Pwnz76Nv9wKqbIZW4zvwF%2FugtkXUQ4G4beDpTUg76Hg6PCJWS%2FiztWllLlvFPAHl%2BifGIbaWyLtY4%2FlA2xh2kGsbOxBLT1MV8rLZEh2OQF1RiAEWf9FO14RevZTt5ZnL7qW4XIsgqN%2F0DQSc4E4m8HA7YbizTQ4D1Mndidsa0yAn6GFXiQiK%2F3F0lDNOSy5Llm%2BX7%2FxZp6aCFy6w4A46%2FTH9O3asWvjSXSHH6i72I4HvU70JiXKy%2FdM4abWHWaMlMMCDWjU7Qx289c7%2FXzqrZoM9jmrxaZTarFFvAYtPLJYe0%2BPiMQqyLHY5csMMqX%2F9%2F5d2Itg8dLl29pV1d29YYEvyVTXcn7AKasEnwD1U%2BVIcWGsqQ%3D%3D&catalog_product_id=MLCU3249445701&zip_code=CL-RM_TUxDQ1NBTjk4M2M","6.990","$","6.640","5% OFF","","",""
"https://http2.mlstatic.com/D_Q_NP_2X_791598-MLC107265358064_032026-P.webp","Tazón Taza Personalizada Stitch Vol2. Azul Y Rosa","https://click1.mercadolibre.cl/mclics/clicks/external/MLC/count?a=sB8Jk%2B2qO7vOj8KIo%2BQGAVVntLfuk9VaTz3CFaVWhB6AqRr4BsgyZHKiz8Gsd1zU9VfSDU6m2DVaSxy0pNNQYh9vRL74lPq8spYIIFQ5d6ekuo4Jal3Gq%2BOfJeteTcFMCffAqvoUPwhgbCS8mFE7180stfLUcGL5vtkhpCcC3atBU9NYcMQp0LZQwyBMAfGnOIQO9LZ3clEG55xQlLMoDanV8ovlu6KBfffWOMYN1x4b3F%2Fbsk7JTshtkR3JeYmLOFsDu9ZnhhouHPtOxniRyaMGMbAxkXcJBRGCY5SL0k1KVpK4aq8svTZ1z%2BPqo5VXUxYTfY2%2FKGjan0lA4PrisOGnoLNy%2BHf555y2jI03coP0NPe4sOBXvMyvgAaUyyMhMEeO2jvpfwMnImlj65J2BKoTpWXM3mfurKlnxw8fJAXZg38qrrFZMTgAgb4%2BBC8KyhiBPsYmhNeKZxGWVe67YevnGA9OehUQZv23LuYh93CdGyb%2BdgBJuu2%2FWBKx8R%2B56%2FzYN5KxiwFHKqdWSMLfY81KcsVfck9srrb8jw0P7%2BzyxT8LkgH6%2BEojY9SXArLNBykSQaTysjfEmNXvafdfLdNUbGMfnHUnZ4S296x0LJe0aErNzkxevYa4NqYXNu3YZHqTgUk%2F47jdHmTGoXyMaGjnTMGuQlkDbTRlCMlZgXYFMlYq1jQkPyU5ENsgfzbmrpXIm0nIIWneM5WWyZb9l550Bwuuur2r5Qpxvw484KTJSxpLn1mYkbPoa4Ia%2FxuVorf9n70c0%2FjG7WzvV%2BKSUYWCj%2BAflSxDIcu03LjAVcmCd5jQJld6RE93yOJquwtmXPxZgt8nVyeP6UPzyEfuIgvDuiCnAAwmR2RmhhtHXXccG2cvsv5Gy9d4Qn75wE3o%2Fk0h3AeGrDiP2phWuAOuKe4QZsV%2FXSsqakdjU0p9Qx5%2FlLo8CjWhxQ9pf4HA2g3Auw%3D%3D&catalog_product_id=MLCU3815889663&zip_code=CL-RM_TUxDQ1NBTjk4M2M","4.590","","","","","",""
"https://http2.mlstatic.com/D_Q_NP_2X_659009-MLC75893547178_042024-P-taza-mug-termica-mascotas-personalizable.webp","Taza Mug Termica Mascotas Personalizable","https://click1.mercadolibre.cl/mclics/clicks/external/MLC/count?a=1SZPjQOgFSTKg%2FL2lvT%2BfqmuG4McXRLdK%2BMsMdW1N655CL84JZaqvAE7O0WKHAglVTmNfohAlc55yLNvd9wPqQwXR7YypgKJyI%2FvtxQ1yEbyl0L3R7FXgf%2BhOkX5Uf%2FQpGPg4ZGPhWOrxqTWVmfY3UOcQzviFDfm2WfR6A99DP%2B1eBxWaP4B1M%2FT6whDGMyoYj%2FBPulDWazk92RNILhRi9FbtIkyPN8lZn3%2BqAme3eiXg8ko%2BOsMsdPQO5fdMPxcVTwYVsWtuEl4R2CGfk%2F21FhgDSszPBMMqGZB87AB2gxvuam4sPucXOxrpjYNAxa9r5pMDphr7ItgHjzyWLXD8%2BnVHmnmFRvLE3u1EqZ2rcGRKj80rUG7h6iMbHcoqaEopcS38mM4XKZZnOEV4e2KutdKxhZ%2BZD%2FQUoGfEtrzhS2RmWhhmAHwvW2CDhD9DLnntOwl7HmY%2F03ElJC2rMf1kpSKNPc01t%2FvpvZDorITg2r1BZj5TAvHzM%2BuZVQQe5PsZosSjAGIrpLH7krpscUFnkwyuENwjAF1sb8qkNU7jcfD%2BKkxoA%2BOiQKpxJEGyXe83zpnIP6BoxRhQIOpKsxhk3ILsw1Hng42aaddi1yPYMfyWeD5NNHyF99aAg%2BG7vV0s8qGlV1VOLNyPZnY83gpKkLN8FIRAM0XNU5y5nvDFK1wyMkJhm8%2FSvqnP%2FBtKtc7kwyJyZqDavfbSa8NIDsOUWWi4gz1%2FENICulZ9OF8%2FoztI%2Fmc%2FN4yJ1dAt18cybs9MlZcZVO7O0YEKhWS%2BUPll1cFF2i8VMOSYyF5OaOtLPRMQoSZ6%2Bu7bh1cCkbv9LrRYWWuZE3H8pfDbMtfx%2BTSUEeR9BK4nie95ePnowUyjp019267BEO4VvRScXaNnZoXK%2ByZ5aUjYYIe52OhYqoX9smwRQ%3D%3D","14.990","$","1.249","","12 cuotas de  sin interés","",""
"https://http2.mlstatic.com/D_Q_NP_2X_757485-MLA108913071080_032026-P.webp","Taza Roblox Ceramica Man Face 325ml Gamer","https://click1.mercadolibre.cl/mclics/clicks/external/MLC/count?a=nx1UJd7wJ%2FfD5lnqDhbHNrDsX1X2hC4t8%2B8ldUl6Mpyb6uJbMvfF29c0zmN7ezHCxBWk4VC85MkphX8JJOHjeK27UkIuNi%2FatRXCGNa8T3iwrCInGW8IMVAv9Euz3PzO4SfQv7Ze4ooAOQMd3wTp2wrtOzrJsn89gDV5HyrDzRRQhrxKoepRGLBqxKCXMPAVZF%2FfllBOjkwm82qtPuSYlr8qc%2Fk4QG1e2dYTzVdcfdAqUszLqKpRzUnvhgEH%2BPqfa3Qfc849D4WcEcc9D%2BJ4Psb5mi2cdgvrdrtlC2Ss79mgcLP4j4vxpYeLSUiOc4GEpfcR4gKImwStF%2Fnf3Hd6btNP5DAxfdemzuMTLsdsNh17F2omUTYBJfbb3lPTE77586qg1brBNFwittKR0zYiXQqX6lUDKbeBOviA3QbcMKLcyblf8CzKIIkM3TLF%2BX5ZwzSZbhHAgWbnZs4qRSI%2BaSAgZnIFMfTr%2Bp0qC4l3riKbabMO9gEPe8nYMSKIUmH9jySFz4TpAuJQEResQQF78bD861a7BMYAH%2BHk4ns9z759kThJTiIWd22i%2BaNhsdkR1RSuRSMxTonAFXv%2FBxTvDu04O2%2FnsKO9SONglJM7lcrcHy2oSvJ6KY63cI5xlsM8tvDGnDBqfnaFnh%2BJsnKlmii87HS6L1UacoU8xyYqSe6afyOoPv2NuYvhIzWZfL9nUaZQ36bQthl2NwxZdbkuAmvJRqk3cuziraO2PjxoG3e%2BqKEIxzrhbpy5TAulaaORf8FKPjfoiH%2B3%2B2XCVnLrj8JCnY9AbgYsEXxmRIlt2d0AdMCv0iTihDVYZgrd2IjSAhyvDPnTsOpyuc%2BxF3TdnqKtiysBGWUMe%2BPP0qYcFjWEyRYO8bHI6zhBxPTzKPDw9e661Rc7WeQSw22JCZY%2BvS%2FHILbhkQc%2FUWG3Qz%2FB%2BFBhFJWRGx2Gfo8UlIvNm68Tee6524QeG1X6WN6U1vOQlFOsYEO1BxWdlxmcbjPTDGrRd9oWtlPG3nQ%3D&catalog_product_id=MLC46959012&zip_code=CL-RM_TUxDQ1NBTjk4M2M","2.790","","","","","",""
"https://http2.mlstatic.com/D_Q_NP_2X_658841-MLC107876624221_022026-P.webp","Taza Frase Motivadora Que Todo Bueno Te Siga Personalizada","https://click1.mercadolibre.cl/mclics/clicks/external/MLC/count?a=s6MAYjW2b0SSHMOZISzuqXvpJ0DMZSNM%2FNllOp5u4FcX64LJBk%2FquF2CkeLkgF0z408GWjEzTriZiQRMm04ofy4zTYTP%2B1TxGxiLgByGEtaEwBMIqcdJ2VFkZfA0TBXZ0KC5ZuzmA2P%2FPOLpywpMTxA%2FW7uuADRihTzSDFje8Xa9W5X2NFGBAGmAfj2u4Tx1DDZqSDSFZpumkY%2FE8z%2B8UVLQ8n8gE11mCMtELJqDNP5QCQ6l1h6vRrIu6Isadwx4Twh6K5fxi787z9ZmWJOqYX8KzOPfU3uA%2BJcbZs6BjW2aFBSKrVpSBHnkv08ujt5HVybG8TrYDyPCZbOkFilEs0umwTxv9m4EQsSmyozdjojth6tlAzWEpsBzYdbYi28C2XA47SoFgiL8lyYHah2d8e7h8FzfhdunapqpO7pIEndMp2QWFGB1m1%2B9wQfv59p7kQ%2BAeFOK8cGXJWZ6T0ZkFknhSE3IZ82Du2fqNpLqm%2Bz8WeqPo3HMlf6seTKv%2B%2B7o34WbVEkWcSbZkg9JQ%2FRg2KZpAtmENhCWphdoKnEvv5MvL%2FKUPnmZE9X0xK3toTshe31VbzcaIaaQqxk8TtHfprA%2FqWBB7YlJb6uCSqvTMm3uFUelZDSecJKawayRBmj554V6Vse%2FttoSVBkxUDEnc%2FrNBNWFcaPxkGA5iwuFthoWHD5Q3aQA0rq5OFaQDkAtkfA6Q4TvKe%2F1ff8Oq5ByCE9UYbEPH7RxwzsNJBBnIDJx4pSPT3VbbCljFGHpqIN2uDmXAHTeHwhAI9VXhSCyZaowgQ6SpZJ1keF4CilKCaPxOSMNK8FmPPDiZecX9itVRwQOF%2FJxK3SO753OXMaiZQ5kguTgjTSXWTdY%2B2a3MCrgKvbtPwJExO%2FNd72YvGbqaBAhmNo%2FkX%2BtWjMT67wECg%2F%2FURFKDGPvvKxP3t4UUD7HiKu8RBo2GpGPpNlO4EJoX6nD1OHMF8wkAksPyR%2FLgQ%3D%3D&catalog_product_id=MLCU13957387&zip_code=CL-RM_TUxDQ1NBTjk4M2M","5.990","","","","","",""
"https://http2.mlstatic.com/D_Q_NP_2X_783482-MLA105425489036_012026-P.webp","Tazón Taza Personaliza Diseños Medicamento / Calidad Premium Clonazepam","https://click1.mercadolibre.cl/mclics/clicks/external/MLC/count?a=LWe8XJoXNmN%2FH6XvtXCk6qboMp7dklAkXBHMVgNc0tCwHx5zreKNwdft4au6pvm0htNVH%2BsW%2BxR%2Bq4uLs26jMhSV8%2F6amnS62440EtYdpVMHhBayWXEO2ahC%2FuY9JH1kvZq3NwLXA2SSszWyDrQgDm6Q%2FY%2FwNr9vyb%2B7wOxrOrXfdLmTITUktcx7e5H0qT%2BulgoIXPrOYRts0xK1k8nTydHrmIC%2Fl8tBi%2Bx%2B8mQ2phNEdM1iFC9B%2Ft0J28OLva6%2BsDPbI6HA%2FcRcOBhPYNng%2BaQU%2FPSZx0yi1v8OkBapHd%2BLtzrC42bt3ju%2FJfZ14HalO480O0CJ46ewMiPnFZRA4ifxpN8%2F9%2B5Ni%2BPS1ltfswYv4ctotJLXtxHFYrh5m7JCx259QxNzRI8PdELE9d%2Bp6BNMUnkomMcPJCd8ynAUUGe5lPAQ58z%2BzgPMY8dk6cvajjjQvNhdjRlSvjYWSxYbGr7f3E%2B3%2Fs9hPW8bu06y7zbGx6KtsF59Sl75Z4pTuOlFMqa%2FnkC4v5MFBGp%2BEBWqZry42RZEAyOjgo8elMUwpBUe2yerphQEb7fx6TFcNSr6qzLymkmOQRs22Xy7OFxF9%2B76KC0rTLVuEx%2FJxW9GKjE1uNBj31xtqn%2FkXAjTY5CPdA5ydMVDT8oPCqNP0nEiXipDOT3KjQt6zg3RJfIFJ9bv%2FKdoNu9NzUw3YmU5zu7KljNpy9%2BXwQvx5%2FplZXm0Z57MgCGEhk2PyybNh9C93odGJbQcj0fScnv7KjA611W1wZmhEP7QFGrwUeiQtrP4kGKzvEk1M1c%2FfPiQ6H7XMaK3MNiIDA0xRvpXDG1clWp1UTMsjgQ%2F7aGKs7rbMBsjb7wl9PnmvyzgbR7Dl%2BSGnHrMD5zrPLyPC%2F1xQ0dKetMhsWgGjxxvBXC6zrXjD61chiEKWXhiWe5ju2tk1p%2Byc4Bmr%2Bp3tAStH6PRx5zZE%2Bn%2BGKACLk9sMnrZe0CWIT0xBIFlqqPDZy0%3D&catalog_product_id=MLCU3479072309&zip_code=CL-RM_TUxDQ1NBTjk4M2M","3.870","","","3% OFF","","$","3.990"
"https://http2.mlstatic.com/D_Q_NP_2X_736093-MLC82961496734_032025-P.webp","Pack Tazones Cloro Clorinda Y Jurel San José Multicolor","https://click1.mercadolibre.cl/mclics/clicks/external/MLC/count?a=iOxHA7kvLaLwWi5c693%2Bdg7mzW7vL3mEqhNubVjiLiCSSESeDMpXOnha3Y87vNoR%2FdbYCtvbtwczGwdOqDcfVpuLM4ztUR%2FtOIDui1Xa9B4pLiGs1ylU0zKpSD4SbLGChdw8tJylUCH87Gpg6uxAJLexm7XEX9qEsxue87bj14rI5CSZ3wlqNn5jzUFRJiBAotU0EPu2I6vZNznNrkwKbaFLidW%2ByhZbHCK%2FuY%2FTGfbUFrcsnuUDKTIpkKePdKDydFA1YQANgujEd5S524Oi69FBs26k1Nv2VzLcuUKAhB5K87EIk4FytAzth0O33Z5u8y5s7CXycxi3anEVQj30oB%2FHzn%2FZVYECxXt2B77GOjC5X3ppF5sDKAkmQCLqFGkfB7k9EEXbBx7%2FfuWgNf9mO8fMF0YutXgHkdRS3v4rqaexEdMnXDGJ04bo8T3RqK%2F2Vbsav%2FKAPZdsT442vrbIzTCyWJ%2BHoKiq%2BA3F2ctiWay0JhwIY01GAxvrqNHiZ3ZyawuxGRChpwxiaiffLjwk4xxuvyVhxvmUOiUiN60Nok1KLX4fbIYCcXx3ho8kLElY5HU%2BdskVHIQH26sgJ%2BEZCoX2I9g2ADqSyf%2F8k1YkEPVZnjsda2zFWqJjF8wCQC%2FNUscOCW0wutU7dk8QGGoGs48EAqqs0%2F3d6375Uwy6DF7XxPZycV2pGK8yoDAmYSeP8%2BX78NW2RkOb01px5ZE72u%2Boc4gvAsYB2O8gSnb5KOyMQzLOvh%2Bp%2BG0h0%2FesYQ0I7JjIk2WEikpYgDlja9hs4qQl%2FLsIaVl5THKEltWbD55KAPNz7KHrGfv2uqriti84lotkzsn%2FdOxkbDjKGW9wFE8dHZJldSGQGyEi31S%2BY6FXFEnC8%2B0J8MtD1EbWmdAFkCz8qHhENcmYyzSTcEDFRVPUp0CP2NF6p0nZKSlsjfKbsLRi9Nu1quC7AwheoFaA2zx99WBHXrI%3D&catalog_product_id=MLCU3080004165&zip_code=CL-RM_TUxDQ1NBTjk4M2M","11.390","$","949","5% OFF","12 cuotas de  sin interés","$","11.990"
"https://http2.mlstatic.com/D_Q_NP_2X_716555-MLC108822296254_032026-P.webp","Taza - Tazón De Ceramica Sarah Kay Rosa Claro","https://click1.mercadolibre.cl/mclics/clicks/external/MLC/count?a=arSTFw880DABIRgTjqsQvJDTVW8wxCKUxI0WVgsOKYjHjJjGBv5WMtJSeNVrLQjsW4c6mgJdlOb0RipnHzdlO%2BH1tvPUud9R0TgHGPDgmhpFgF%2Fw9ajTlCRZi9eJ65Ys0EzJ8uKJSTPcbue6ePZxQiSrIVASZ9Yqj9a1Um2HhUOJRdj%2FHK2igwfcZJ%2Fd36SSAoEeS6clxwgnMm0%2FAw6HohOpdLMeWMrAasIyuJj5ht%2BcMLzbdSl7XmBz70fQxDo0wzzhK%2F1ysOsnaTIXhA%2BiJgnQuMr0gOXz8NuwAYLoNEZUBv2SaQn7a5%2FrRueJwbPNhTCqlPmSZZvg0KNN3e4saitUVL5TPSW1Za50TyMtOgj%2F1wZ4MjS0XxbTm7VcT%2FR9EM0F6NToxWbAfSUzcMcUUnGSinLUjuPKA54OjHBJA%2BSd9CQ1dCAFx1V%2BOQmA2kEIa1MWkpveFpb7j0jlPu1t5OjTqOMuZL8ROWW1F5XWrJIrEk9p0kYnPcj7GhAhargI%2FFXNCsLWaVLBWQgYSE8JBeyS%2Bu1L8%2BGky%2FFauIBVDZPzqiKifaoxHTNcqG31rl3pUGXnKsYKF%2Fcz79qw9YOSepSPBt29GuAIfeSyIesVtItFQSUZyvQd4ysYxNvr3VDvr0Lgax6L1ps8DHU71His1LS8fx2wS2%2BEQI%2BcCm%2BnAgwc6ssN%2BydbeJp8DIabB41Dtp%2BhlYQm1zMJg410FFhKjFsz%2BMHChZSTcWRvHCaD9spGsmu9P7KoeRETGmB4IDZzJ98bErUjk82m%2BhqMK8VQ%2Bdrs23CTVsYmuRhj7OUWYNWsrspwCuujYvdORBKgTD4K%2BbAWXFCOuD961V3sjOzbV5MmYsCLYw09loAih%2B8BM7yz%2FOSbvyWKv%2FjOKAR%2F3oT8P6oI3idb8njR0Pn9ZcdPDPmS%2BvuNd1Ppf22FKg0LqxAzuW6D1f6k71Fldmu0Wg%3D%3D&catalog_product_id=MLCU3690407446&zip_code=CL-RM_TUxDQ1NBTjk4M2M","5.590","","","","","",""
"https://http2.mlstatic.com/D_Q_NP_2X_798983-MLC85299896868_062025-P.webp","Tazón Taza Cafe Mug Tipo Lente Camara Fotografica Aluminio Negro","https://click1.mercadolibre.cl/mclics/clicks/external/MLC/count?a=KZwVJvjFi57DsMSsHdUXNliZtFTAXp41wfJextN%2BF%2BesMBuQsYF2MFPoslWqE9sLxP6UCKlIhEH5K78EzxpXVQcBqypA%2BMoEj%2FcwrIwN6wOZUt4kCmH5wSqkU8arzaxTA%2FFF42YlABFVvIFs%2B4CrGmKgymZxW%2BpB82KyDS23n2Pv8o9e3tf5jnQ8psurnI3Vn6Ug0cgR1%2BVtoxUFxT3v73dGXFVR0s%2Bkrcme9%2F2ZMXHT5eoafPKwWjriEpUyokYOhQl6VMlbKp%2BufHm1%2Bw0avvwSfIw4mlOaZQvmYH2%2BgQ5Dy6tV9i%2FbDNzmW7wHhH4zm5kD3mFhtV1HBVwREBqX8SoCjOcEc0aPJndiLltIugy%2FrugheKLO4ugPhAZyNOt4rDekPxz1iTkqcZ%2BK6cOTzdt6dqemnNJy1vvyY%2FDnal0Q7rZiru7AZbbJChcdbAETyqEQPlxJzTnocx8G8Ms5YYSf13tTf9GZJShn2yj%2Buif7CM1D6rvVSbyXsrwxLtiD1o0f5TnIR8IDgcb7Si8SickRzQkT%2BBYsbBFyzgu8pOfgpo6RYrmxYFfG%2FGzKsE2pu0YazIUJpxSTUVC%2Fni30e1ya978pDaU6UdIy51%2F1LVGeBDCjbnKtmMVvWWffIpgj9G0xY2xO40svm6%2FsALpYI9RqDjGg55hG48cxS2ebllwY78JJj4YBYJCzx4m8BbkkqSZApQSHWzIc%2Fy7uPT3OEW9coEFdCOfEFFdPq3PXGsiK%2F3B%2BL5SQng7heQP7HjfCjV84yL2RlqDPMRUVYLQ%2BYtdfAPp6DFRtHxnucztXXmFaJiqjHSywMAe3llcwuBLpncu0xns%2F8SNqgYYa%2FncD1bhMfi68gC6XDskuElq5ChGp6dCsCDF2bxDCrbY0UvImJkZV7fqn4kfG8Bvloe7%2BUp8LxPUN%2FFFtfA%2BUgiMq8cpVsHFU%2BtJR%2Fe93Kn7JmAJ4b1WITBAhp%2FuBl62qNqY8nvInpGev0CM%3D&catalog_product_id=MLCU3215479657&zip_code=CL-RM_TUxDQ1NBTjk4M2M","5.220","","","10% OFF","","$","5.800"
"https://http2.mlstatic.com/D_Q_NP_2X_936673-MLA106021277685_012026-P.webp","Tazón Taza Personaliza Diseños Tendencias / Calidad Premium San Jose","https://click1.mercadolibre.cl/mclics/clicks/external/MLC/count?a=fVFflskZ82gc%2FQnMcO9uPseoCi3PzCytKwWS1Ls87petCP7h8WVrdDV9LsnkmAh5L0nJQR2NjQmLgMUORyGsL4O00PAMQSYXLLCs8PF3nhdwEpnXXAL3nTygDDFYPOYKMzeEBX1UcY4sI3dqjKYYhYuzXKZTu%2BcEbDZP03inswL3xA9kwBFHpbKu43af%2Bi53UrzZDDzlD3YtpltIF9bt8LGma1Zf3J6tuVXLT%2FdSMJs3d%2BxenIKiJ55JB1pVWxWBxUOfzApxXoi1PV8Xz51RiicdCeKgmQ%2ForZxpdIlqyi5YsRoIBUEkAVLbjjdyat3ELcCrrJ8pXM%2BxLpAhhik2nxx82Ztj4kxiLS2bsEFdc8gDSqjFWXLq093sX2s7vMfImsKamCwmVTm9%2FQEzLtStNXgi28dwf3x%2B5aUf%2BLRohmBmjYj4OC8gMDxhfJpffM76KbSNN7wAiGgTn7QJWUyWto6cEjNZHB7D7iNglmvqFwPxr7b7%2FXRrZbVxcnTNOhqhpzSqRVQffp6vN85ribJ8E5ptfxJhXoGcrI2OhvH%2FIGweMxBO4fyFCV0s6iLKcwtXH02A6WXucBmKrCkv%2BQ9mNwKGEQRo2Sl44zPVx22RcF1sHmq0DT2a312I4FIg5PkxMIwRGgktSK8o6GuK2FXLX2WzGGC3BSM8s2Qh9SPmspLIOhQqfqkLRj0BjVRt2s2LLBKiHnKSe6rHN2VcHkh%2BDMzgPQtYuZKffMhgnrNMXh97H0gy6a5RiYd1HVQjYbdTzF39DfRh0iA3j%2FpCbe%2Fh1Gw6V0K60YJ4JH8pFZbh5q7%2BSLxjVdSsgqiYXLy4%2FNtp%2BekYnkcIEYKac2sR0VnHYjNOrD9VEP4KhTH1szfTzA9vq%2F%2FrN3i02gZQP8Cndat27x0RQej9EYvT4EfZ4LHdhzYKSsHvToLJDUnNtnnmC78piUFITdO7Gb%2Bj%2BgeBLfvrL7aJ6NFsbe7%2BQINPMl8fK2VoW6zICKyITw%3D%3D&catalog_product_id=MLCU3486010758&zip_code=CL-RM_TUxDQ1NBTjk4M2M","4.597","","","7% OFF","","$","4.990"
"https://http2.mlstatic.com/D_Q_NP_2X_771284-MLC107902481955_032026-P.webp","Taza Meme Flork Instalando Paciencia Regalo Oficina Humor","https://click1.mercadolibre.cl/mclics/clicks/external/MLC/count?a=9yTBLM26k1VKoIXh16C2pj22ibRMBbk8AFM3or3FozXDgafRfcXoGbaDzQXvGdprwozOPN3lYumfmvV67MrjEJUVvN%2BnMVzE0MVM6IRb1g6F0pXEPh8LyJpiZHU1m8Li8cyYKnKsitiXENz83KhcID%2BcXc2y3I98QQYzXxz9sJXbU4RvvdbscX%2FKExk96Piots2WniHlZ8hW%2BjjJ5O15RiNdGMw1upmi1BOmlaQKrAIK5V4GKs99fj4FDEZ8tvnZXcR%2FD0yc1%2BZ0E%2Bdq6BM2NSt1kubZ7dyb44tHAr676HON2cwKWxXInBbtchpwcr37oac6510JVduV3aOmF9%2F%2BV0ChsDgsBrxhifKQ4%2Bdk4v69nfR%2FAs9JDc1qXbeTRE84qrxhpnog0r7cXstofpbdRKJFs4hn66CRp2XLYJUXE7wMUQoaHgJV06vQ%2Fk0MeuqA6mGzBE0p4Mj1bTQhNTnylDx2JUEY3aMjiae5C8tsVKxDLhux4JFIaAvB1IKGx%2BVMIP8%2BQyobwUNBJkVF5CtFKBRqv4DZrj%2BqhmOYfW6w%2F6ikgk0badPETpymKCXD5uiRH5fHlRlZMJ0qmy1d4Olra0UCzTdCOhppv%2BJg8M0QwWmW5VFOiJ5k6K4hK7bQICSJfZ72qlk8VyFCmENWZmC6Hr%2B0sAtKZaP%2BmUnIoDdE3zrdEyq6t1iB9zMJa7sOF0TJv1xIK9JwsLd%2FFCXtx5ukwPkZoxD2hBArqQrAhqwPfjQo4HllFbRWR3v5bUlF1AiBScDnVFeaA3txqUVaXIhCqyJ3yCFy%2BCRBWT6VYIRema2vby9nhRBS7pptJuIndi5lExTAc%2Bx%2BInuSrvbmib3XIcJo4Q%2F4Ude6fLC9xAHHKXMEwXOPrLBmNfnTKd6t9zZPmbfQFkYFoldb%2BxAD%2BdOwtXe%2B3QGTytyb3Gn0%2FzcKdny2nCJfC%2BeSotK9hKbjfEcBrM%2Bt1dYeO2bm8ZZhB19m%2BZSGdcM%3D&catalog_product_id=MLCU12109286&zip_code=CL-RM_TUxDQ1NBTjk4M2M","5.669","","","5% OFF","","$","5.990"
"https://http2.mlstatic.com/D_Q_NP_2X_782753-MLC107902051665_032026-P.webp","Taza Ceramica Universidad Catolica 325ml Regalo Hincha Uc","https://click1.mercadolibre.cl/mclics/clicks/external/MLC/count?a=%2BpE%2BmTCfM7YKGw7rCkEMq6dQfaP39e%2FTUMhOl662BlewoiYgAcV7t%2FllHNsyIHnfCwFIzUThK%2FpSZ17TweZVnwK4c%2Fhpyb4IpecV0prm6WfhBrc%2Fit8wdeDXE8Ja5toKzIRtSrVlCLrqwfbRtMxSL5nD5Vw9HV8v5huTfX3V%2B7uAn4lZQ15uphJ73W4ki2IEFzoH%2FbX3J624bG2oXyXmitkW5Yn9aaY4qX3qqg1qKGQscM12hWB5cwSJmLjCvLJyODtGlvuLG3A%2Bv2kAN3y3LnN7UXLWs43Zgqkt0lSbRoK0OyT%2FwB%2BylkoEHZdcRLtYhXDNoSZ%2Fs7r%2F%2BttzCBJw78WT98x6gV%2BTBz6M%2FFkk5mmq%2FvJ5MpCD6LNKVwEfiLbfHng9MqR2zj82Fu7pUEgT8pGaDQInqNi2Sq7o03hWlSsqnEHpfiZRndciamcrVLBcDQQ3%2B%2FB%2BDfz19DkZLK4fbENZfTKuZvralhc1s5V4Y%2B8Al3x%2BlDmtNyS%2BHL6NwrDADdNW5IP0w6AjRnyW7W55W9Gf8MsduRTRwHek1WUhfyrqb8oT3lLv7ZW%2BqYHj0DbLjcghpvu1AFvXN5%2BIU86RRvoz%2B5oQVfmKHpdVbYLq8n5Jj%2BVMiO%2F%2FiUlUNApoVnWVh4LlfVYbiK7PPsxXkGi30IJga4EYnfp0EPnTqFd0DxJViLRekFRENdKVXIyANFvvr3VpTf3iKX2yOpnD2TDrmWla2ET3BFzAr5ZzB%2BChcmnGJN%2FgBAklGKYDbj6V7nsaWzA0rdMaaQO1R3vXEF1OBv%2F6v9wkjKnUm3UxrB%2FM1t%2F79l2VeACGsCIYIwarMSIcelHywPYdnZoc2%2FVWpKtJpuvvv27J7Cfk9uyugdylhtiZKZGFHX7Pr5zoeI6eIa4wEqns43XVcsOCkzfsYB3riWGMzmdsW4y4yC5FlRoF%2BPdaS3bT8vRiVLp2FUPncM6J5fP%2FkvYLxW15ViHO8iGxPuWM%2F6U51sAUQA8EFZRw4Wb9awH40YjIvhtZnB4bePR9g2btWKL1VdgGFUsqXA%3D%3D&catalog_product_id=MLCU11738306&zip_code=CL-RM_TUxDQ1NBTjk4M2M","5.613","","","6% OFF","","$","5.990"
"https://http2.mlstatic.com/D_Q_NP_2X_997607-MLC74266213657_012024-P.webp","Pack 36 Tazones Día De La Madre Feliz Día Mamá Grafimax","https://click1.mercadolibre.cl/mclics/clicks/external/MLC/count?a=W8CpNx9nwe6biIrZMAMC9nfZs9tk8%2Fq6Q3EjLGhjQ6Bh6Hg4Oz6ydyQVZkzAp85B6B6GhZW5kRyKwjLnCczrVrqkF6atUUOthc2VU5zL0mAWdc3MKR%2FytwWpWSO5TdQ2Xt%2BANbIXA2W4F2LHNNRg30cyw2KJCNyXFShylCfXhVBxoBcF9Zd3%2BdQoG61VXEffxi6lI3Nizy1omqgSCmfHu8yPVbEU2MIqzAJQQxjQOAAMJXuxElm%2FYgbDjLQlaNx4w3y5zuEJaVJ4QaZDpvnOvF5xxHIXanOCT2pdMU4%2FuPdpBMi14R6aQLqt3BtvRoLKout5HhcFCqOP27XZJKfVCKqeC5gKZQNn%2FFV6ThSNYRZA0KJetTcn1eDRu%2FTEMD38kVweCNA0oEn4zF3EG01jZj21gmOIPgWB51mD8ZxobrkwVOkfHRPCouBzQGYmt18%2F3fzzfdShqPHBTHvWZ1kGItsiv3n3E3oalVkTQYI0jQ4WtEa0BuSESOhefqLyqPt6C1SpukcILGnfXdEdmGwUIR5c1DFCplP0MAxB35kWX3S27yltpemYkyCXRZqm7FvgqbpRxTc3tZSVL4cD0JsP4njgGJzfCqsqgoyP90wc%2BHjmOIgLdFOqCt3hAesJ6lEgY6mSL%2B1so4mXVKw%2F03l%2FOVclppoS%2F7Vgvv3%2BiQ3E3ta1HCqpNHKuRNT2u%2FMsU9qAvY4v2nbvD%2B9FkiJJsMyfnqte5FE5%2BfcsSeAEcPC0WjUCxWdLDRJHRjzSRHsYI58iCbeLBgozfLR%2FepL1Ef7Bf2G%2BLO2azf1AAchgmskBfID7TCOAzjGvjKCXx5ZuLBnmcJbQVog4G0%2BnrrUrr1JZN3%2BvJAas%2Bpyux3U3DgbDZZZie%2BRHUnrsl8ejhFJjJ8pGxQGSes574Q2DH67yJGL9j3f64NdRxuA%2BUunN065Ayx0hBwITZZ6uO4RyBxBbnCcmHdLny9apFFwHak8pRpmuKOFLxi69iw%3D%3D&catalog_product_id=MLCU139324472&zip_code=CL-RM_TUxDQ1NBTjk4M2M","59.887","$","9.981","7% OFF","6 cuotas de  sin interés","$","64.990"
"https://http2.mlstatic.com/D_Q_NP_2X_987623-MLC76633646431_052024-P.webp","Tazon Enlozado Aqui Toma La Mejor Arquitecta Blanco","https://click1.mercadolibre.cl/mclics/clicks/external/MLC/count?a=lHT8OP%2FIR3Nx7LRYVSQcvwU7ZUTTmHiPsCIy%2FDVuCO3J87p3Hxt4nQhFYIj6CSG4HY%2FltUG4ef%2BH2iPujke98aSs0G4LM2y0frTiuKeW%2F3dhvE2IlDG6TPF%2FFZcEsvbbEJo78c2FF0YkDqTkPEsgWe%2F8yknKpmo741l30xMSvPOWS%2BeZUWdiWhidd3bR9teJxvm3P7C18VRzaVQl786u8MH7BkPCBHS4gkvogqquMZxau2acHpQ8yVDie%2BEzwL5qQ7Dad8a3kmHDM3%2B%2BlsqLPCa6ze6DeyXgn4oaUeU7urIqiSuFnvNdQ1MElYfp0Tp7V8odGDjFYyUXDth6wLi3tO7t4bEz8zPwqMXKsFPu26NXdmFeiqOog3IgZ9uq%2Fsd8DatflI3go6%2Bf5BGMdpChmzRprQr%2BfEvt743bW0ksufJtZhMU01snoz4TXytpVMvdhk9mur88h1RVL4UnNYSZkZA%2BgNA0NIMQsssYrQemMToK%2BVyqqMwrSBRB3AaIbfzi1INjBeBKIdoFS1JS09BVAiJlCTG%2FZM4hViRAq4nhfgogcaHYDXzN4O%2FVzzQVqXQ9dBEXGRAGNWMd2gl5GzlEt%2FmZp1GPdN9oNj%2Fh1VwfhgBphKfbyGnHCqRwhTvsNvXR1afbcARa5fT%2B87LEkCfolPwr6Klm2GrmrJHWttk1Z2KLxJbkQt6yM%2FliZhZNbpR7RVok%2BLOMosvc3806Xv3%2BN%2B3PyOATBQxokW%2FNK6JUPaWoU9cG7rI8UMAareFSBhN6os3AZFVxZyXAcPqdylDBFfyjmrpARENns8sutYOblfphj9VWDYS3FKWTjaAo54QcPoBSEXpm0PVGNwbCFI0r5IKJtFjN85E3OWwkybV3wDKZ%2F5X4Ua%2BFnGdPKxCFTtADAckSEDl95Gh9JlEiG0npDcvR9plKA77nm8iVPvdHnn497P9fC6Dl9kEgYcNoRV1Uz9jghfhzd9Qv0mZGL9FAa%2FwWT5I3MRbgfvPkibJLJlTbZrzzZgxETtoHuxeRNfkvicOW&catalog_product_id=MLCU378389148&zip_code=CL-RM_TUxDQ1NBTjk4M2M","12.990","$","1.082","","12 cuotas de  sin interés","",""
"https://http2.mlstatic.com/D_Q_NP_2X_646539-MLC94994032813_102025-P.webp","Tazon Termico Stitch Acero Inoxidable 414ml Con Tapa","https://click1.mercadolibre.cl/mclics/clicks/external/MLC/count?a=kIF0lpOeQfzer0atP5ZMw6YTQybGVTTGTpyK5MnUGi%2FpJSpIFVuxQW6v28r%2FiF4g%2BgRguDMpW%2BT18HtmJIWxhnbpZCuOxw%2FZ2hmIYheIZT6WYLjbDqNHuUikjHhJ2PANUoQJJG7kJaKOc1xMIdAMXs4sDONwjcE3QN1TbrWB86tYOpXj4lYUev1v7rqnhKkydixgBJTY68UTlk3RhTiwoUhCcxanC9XYqg0v2i38ullnCBKtV2khgTspJADYPuzWbe4pbE3ERKtodsY%2F0s4ofaa%2FN3saMdFYxZ2kLzcU3HbF5xHhv4gC7d3iJhKb7ItK%2Fdlhf4gq1HxMKjZU0g4ymI%2BBpq%2BvHpA0MXVXgsttGeUFTOtxEHq%2Bu6%2BahaLKDCLX2HwqobAsXGax9M4oFvRnWMl4hoPPGwQSUBCa%2B%2FH15JL7W6NYHKFaTxSNVXUg%2BOP%2BgiuAxlyUtKPbXXsRhLCP0eRBhtnaCeq%2BFcZ0tvdFyFIhJ4L9PE7FcYwZP1y3jRqTYpc9VF76ZxnjyjXmmar2vBE%2F4HH1T3ZZ%2F9uNFir8KzogF1NIXNAf%2BEvMqx3wdw8%2Fmw36Y4Lxs5RfYxOkGRcJt1GlQ43h0GYjIOubwVVlORsrB0U7oNCPoGNzIVxbdTO%2Beze1WwmrUwfaup36DWh7vHWz7FHJZ1fAGJawowg3STggzrNYxtotBZw8bXP3oFw1bs%2FrB%2BsCQQCTd%2F7O5VdR%2FIRY91QooYrjZqs4G7agltBoOxFe0YPmCdPJ5gqy0YfCyMF4gSV0g6i8FX2qD9MuviT4irkfIfRv8pJCHYCJ4i1TGnob1BXapsFnJ9LGe6i5yTwAP%2FRyVvjZ6rncvQAdzDub6z9AkdBuD9pOTIbjtTZxvvcLPlE5eYfyQA8WlXS%2BbXWYqBLlJKtkx7guVys9YQst8S%2B7i%2F7655CpldDfT%2F5wQazC0VlOeojSQ62QPFLAlD5rFkkm2upzZ0g72w%3D%3D&catalog_product_id=MLCU13962711&zip_code=CL-RM_TUxDQ1NBTjk4M2M","14.990","$","1.249","","12 cuotas de  sin interés","",""
"https://http2.mlstatic.com/D_Q_NP_2X_954048-MLC84108541691_042025-P.webp","Tazón Personalizado 11oz Hd Cerámico Envía Tu Foto Grafimax Blanco","https://click1.mercadolibre.cl/mclics/clicks/external/MLC/count?a=S7IxTsLGPa%2FV2tYaxgu0ULakTlzjuFrj8Mqi%2B6gGt%2BMYKRDgcJh6OCZmfKNJxWjzh%2B7ZoWHHJyciu6YGRn9vhlDJGGiKPmFiMPsjEncQb6vA8Tj8JTLyW8Sh16mQ2T%2F1bkawrm5fFWDNyWGJMyeGJQll4Egs%2FjzsdMDy9c84iePbRsB75zegm6vb8nCfQUmkc4d4HexTezXuueJrfJ6ePguSUa8rN1ALxLS1%2F%2BOstMPmbzv60BjPrlOeoEVrPDH5jVhACtxMqchE025Mot6iBRuEF94uAboOPywv0gOeWHYZ6mSaQfih%2FWy1ovx5YMEHprmL99xEeakMVOEzHWYbRuSfRUjZ9%2FfTzDfK8ffAAv%2Bu4uGlPkqlwUEuWj2zc2WApcJkSMliF%2FW0S4UHT0QUkZuU%2F7QuyEzr9XiP8077ede1uC%2FQrAGKSf5OIqTzbRQiJc6ICITn2YuP1isew0Z2ptx8GzKmR3EdBpdP4E2GefxjdHF1dnO3NwY8uPlxjybAqTiCwhwPkWjkC7IyqMz%2Fi6XsXC6CztMhH%2B%2F7s%2F%2BoTtjHcPhdzTziPj9VOGGWqlNHGNkKLLwpoatEEceXqkU%2FqPJxlEhCQBXDJ%2FWi0DbgxHxKdcy0L%2FpXDjwaRNxTJ%2FyUYD6n5DeaMKffOpKKeh%2Bodtm%2FV0Y9YpqXugNVqtWs5CES4KjWRIbn1tufbWI0MnKQIcQKn%2B0%2F1c%2BLivX4GfeTDFCpePu9f61Pgfqx2oHwzbCFJAbg5yZBAugQJcw6SgUlzHip2kVEhh3TRt%2FencWDbjkF%2Buermiq2pt55n%2FMa34Be3pwP%2B6C7zh8BOEGDWcIouvhTBu%2BMqKAuTgFSzw4dnUsI8FbRV1d%2BOaJ%2FeMdJkxaYP9SvSKeaVhMqGmxekKECTL2%2F7EiYysyciLBHSGE8zrBDJLqlRFZTf2TEYtg5Xf9Rdhi%2FW6xuy1hNman14ju7iT7Weh4CUj6Hax9lIuNKI1R92uhi1K3AkQ%3D%3D&catalog_product_id=MLCU3144377625&zip_code=CL-RM_TUxDQ1NBTjk4M2M","5.519","","","7% OFF","","$","5.990"
"https://http2.mlstatic.com/D_Q_NP_2X_914731-MLC97919954874_112025-P.webp","Tazón De Colección Tere Marinovic Convención Estilo Snoopy Blanco","https://click1.mercadolibre.cl/mclics/clicks/external/MLC/count?a=90aacQdS5E4sHAEfJ%2BtLUAtKfCiNk6uFJn9IFfo2Q8ztX7N471lrGdBsd2VdIJAg5T1fkHQYR%2BlPAuTY3zpzbgTmHPI%2F6pCzkkIEjPZex28Y0x4aqUo4GrIsC1bapSFCi7A%2B4%2FgqSKGl2lfwqzXGXjTrvCHkfuRsw1GlBALnepE04M%2BTc%2FViXplj%2FwK0hFxHSVguYfoTDtsw61ACCsZkgyl50bFV4%2Ba%2BIPw06eq8jWVRI8vhuFEM0%2F6M3H%2FmJnV1Ts3jFtyOLHEHDhtfQqdARz1LUNFPnaJBaPMIf4CrYz8TX1%2BIB63pD6D82UUzitaI%2BTcvdtwu9QlMy5y4aQjAoe84J2r3FNuKFoRR78J79KY5Woy4LsBPQwSba%2BTYwi4KCqmiflXNLUD3wNVcsAMCBczKYV3vV14bv3txF4KIpkC4s7Hyv3%2FJRCNL89t0zw%2F8cQPKfPuwbDXDRV4Eo2HeWz%2FqjtklqefvDtoMhiphl%2BP4RkJebF13v8hQl2733r6PEb8ukJDG%2FJgOW5U4jUT0v8VRtVlPdmT%2FBVOKRVuc0ap2fxWj%2FLzdG%2FPm6hMAN%2B6V%2BJOVu%2BvIdOQQlh6ufXIfkfTQZSRY%2BTx7qzGqVwkBuFxoECjnDSBzaAnz0gTmstEFVtYRdal2u4VYCFAdSXBeUNyq1i1sRUdv9EX6BIVXKMRfZaL8OS8G5w6GJiIdMmeaF1kYBYPMR6Xe23mUkFYm9sHHbHmw8CTTXIhotKTcatfjuNkR%2FABd2Q2miwQfZdiTJ0BVO1J8Rg1x47mDXyyBP8ZQQmUS2e%2FFvzWGAz1eUAjjKvoIA%2Fftk00JKStf7ed7Wf6%2BVMqCwYpNXxRc9XRv2RPstWBz8Qt8FdTDcb64VWzRAwsUSWMzQtOY4V5HgV%2Fa6KLW5%2Brk5rg8qcWi78378mu6tucNdI%2B0f89Zqr6uaI3t6%2FWR%2BULHfGF5OJru5EE56sT7WeBvlC%2B%2BUA5F9mXJgIoSTjr%2F9A%3D%3D&catalog_product_id=MLCU3566917962&zip_code=CL-RM_TUxDQ1NBTjk4M2M","4.990","","","","","",""
"https://http2.mlstatic.com/D_Q_NP_2X_651712-MLA99422751736_112025-P.webp","Tazón Mug Acero Esmaltado Parques Nacionales 330ml Lenga","https://click1.mercadolibre.cl/mclics/clicks/external/MLC/count?a=hPfo0YWzDhNqys9CN1TluuJWz96WPyvf8joNjJpcozBsG6iRhzdM%2F8%2FlwNSkOs03hzI%2Bd8fYeSQJyQs1ScDL027Dw3sMJhw%2BIu12%2BuDGUKwjgt6SrAiL%2Bz6aefklYK%2BBBi7wecFbVGlPnTvPYEaLgsQuPUVeWEQSoEWJ6RY4KFq6Fa7o3gHrlR0venn0w3gkquaXdEBv4uNfHzwS3%2F6xPSzbu85VkN5CZxD7zK0JpIYk6B9P%2Fs777v0UTyV4z3lkiCWpwbi4TGszwfZ9QAwmFX3mv8QbOEhJMrYrfPkF9HHavm2YPbZMe8FgIfTdgG6udQO7jbbd3NP0Gh76jPwGpGX3myI6VZ14pCJn%2FSvBzVjwWGIjNNSFJIi%2FHLpPbfu33HkHbqsqTJtstS2LA2HF2XgtcwkzrtLimHTT1A2vvVcE5TsiY9ycVRnHsAUNH60cm8JXxiFsxryO9FbrbY5jfuOyeGv0bLPR1XzOblxbwZeIUFJFGnHNXvDl8gZaB0I5%2BY7btDPMa3ITurNNRK5EHe1GN%2Fw3Ip%2F88ZvImLULjEDkdvn3zD2eeVpTh5blO1VL%2BqfqublDWbiha9xSiKY%2BLm8RXIP5JBO8NOOttVWioOrDfMM2HrW8XbldzgrUezWBjRDrRHbrWIK59PNkgaXzFSAO3o9TcqCzAES60sK%2FUMYudxZB1nUUYfhNYwRQ%2BQv9Bx5mVKgwctc7tNwMj07yMapSRhDquBsbVOoxnys6I8B7neLFSFLBLRkeqgNUSLRT4jbQ3HPb2oVN0g2Tbj4nuok7vcpzZhXCszdvHEdUKyODXQ%2FqJZd%2F3F4AL3Qg33IpTNnXNNJs4boKkae5EgAc%2BD53OPqdP4uO%2Fa%2Fyz76Fvv%2FeA4uZyeZt4dX82AeHmrL%2BC6091lc66%2FnDFx42n3QRMSGf7HDXG6lnBMFEaTOhXMu9lH0cco6vN%2F9A3S6IlRko376CLcOhdZplC1BknegP5jF4G7y6QQsJJ8ME9eaUqCa4oCl80kvTk1J4jStIYS0%2Fv%2FWBrcGi4c5C&catalog_product_id=MLC43824412&zip_code=CL-RM_TUxDQ1NBTjk4M2M","9.167","","","38% OFF","","$","14.990"
"https://http2.mlstatic.com/D_Q_NP_2X_646617-MLC107238082010_032026-P.webp","Taza Friends Central Perk 325ml Ceramica Regalo Serie","https://click1.mercadolibre.cl/mclics/clicks/external/MLC/count?a=aFWXZvKiWmRvqIoJM3cxnCVZzms8YkRI9EMrlCyeBnwNT9Ot8Sv8DTKAf9ZjwU9ikPAYWe2qHQpi4gxZecLAnXRu%2BX9etknGxirwmwobqVEAFyapV%2FoVYXBa3pmhCOHRu8yp5cTc8FUOrzZ1cdpbowmztdJ%2BQxADeQ94wGbi5ByKbSDWZbEB2NMX%2FEelYoPFbElMHWDHUeu3JhoIVEQdP4J5dPaLB0vdSN89fTPRnbRtZ0EHt0CG%2BZJoCKui%2BWGDeD6BaZEqGR3afYA6Ep6DWYWh%2F7PBtVXrflJJYIifi56mr4PQvxxRfwMWoUNg%2FDM19RR8K%2BNE68eQIrDMU8Al0Ze26tsP9mF7Sz9KuRQH2oeKb5E9uBTkqL0CVV9TDEvaHJj3lQDf%2FZYAsV87u0%2BV769d%2FKEOcH9aj3ykqy8ynfaWHlrXZ2p2sv3jkvgRNErdyvQZHeQeQ8lryY8JOlHvSGl%2BgsMR069D2LsYemLHABtUqLAQ3upEh7TcMSYPoy5i6df%2BQkraJb6Uvy2jdb5Uo6NQHTxwnuCMJI3S3c%2FfQLkbPFA3LxB3jk6VhYaPNVDMIOKA%2BeOm1TlLHl%2BKo%2FwrmHJSAker%2FMUzXFhcmooU8LiZW9yBXK8hfO13JhuFIDlcz7oldWEdMZvewXJDG03vyLjAw5xWGR0s7%2FtJtjgxy6xe5kA68KokTaW5Euhg4a8griQMkM6ethja4iTeLNF1nMb0AHymb5sNHd37qWaVMsMocJ5Jvlc9f6iBfJBerfT%2Fx6r8Z2y5kRML8%2FNEkOxJHA2fOu0Pad3F%2B7MhNVh0CMXDQNOAb%2FFFaxDt59O25ATjnrDUYSkYs5BTY4v9EMrr2eOAywdU8jm5u8NTNe%2BptP6DvO455bsl9ZAatFTeyk1EQViNcy%2Bh897oWj52paZCOqxh7N2esp8loCi1XGYjI9BgbcvU9cgV%2FYggDiAVkl6WupmNpkH80KcGx%2Bpkpw%3D%3D&catalog_product_id=MLCU13323235&zip_code=CL-RM_TUxDQ1NBTjk4M2M","5.990","","","","","",""
"https://http2.mlstatic.com/D_Q_NP_2X_925394-MLC83771042459_042025-P.webp","Rnm-0436 Taza Tazon Iron Maiden Piece Of Mind Sleep Token  Negro","https://click1.mercadolibre.cl/mclics/clicks/external/MLC/count?a=QlDnx8R2csjU8DHPlrOIPIkEsVLbiXd2KmNpZO%2BX2jdQ3VYC4mso3i5d%2F3ZWG%2FR%2FOoUX3WQSzSSxyV%2B4DEt1BK4eFQZtr5fiOnT4lXXmN9RV8kuvBI9Yr8EX4dZ5w1PMF1TnfxJbeG0MokhsW%2F%2FXuTrXjRHOrikNjyD9xJQ17OMi%2B1smvPpwoxaR3ARUujdHZxXRZeqa4DVnureC%2Bbzf2a1SJgXrzUlbYqKm01fcHN%2FJ6YdAA4Z94ZPWXG8VwtwT4A7gsaKBbnyp1F7AU3PDRwIxuTTCAp6yXzBAsJn8bQKQr7B5Nk6N9L7%2F7VQcN%2BN8dkQhEI332UThGZyrL7Pd%2BuWMeEmg2uzx%2BIC63odF75QJC6bEuiOBjdsSXFK7VoRStv0ZtYveGNoMKO9J6jsWW2X%2Bx23hU%2FykNwTsSdsgCBBX7uFDtxsAnmb51lYfYczNNMHRF4bOIEvz8XY720N1kqONWXS1%2FjVGlp2htl9MitxZTJgqJInFMfS9gzYZoWnzFCdJ1Nh0yOgGNzs6Wp41jycsdBVh9uAOSbpqSa3u%2BX2UQzZ9C05exEANVGqE5oHMQmlQ%2F2yUEMC3Q2CMC6%2BI1wct3LkxkcfMinpmrZAWauLSRX2jznz2vwsplUq%2BEdlzI4b7NN6zxEt3hIGy7YigEIAs5Mo3v198xw9z%2Bb9rYXOTa3VLW3X%2F6oB7O1XNl5TMldvAngX1Vo5n0%2BvLWc6txpP1GQmMriZ1d4q1NSDPDWBhkO97%2Fdv9hMacxgE6v%2F9jA3JIjJgn%2F4U1YdcQKxMFx9b9NnVMjgAp3CyWSPjOh0BgIG7b9TYa3Thbp3P68Csv6G9zxoLokrY5ZuF1%2FRLuQELylfVtKUYXnKUt7ZQGDkDCQ3a6J3kQeBAS0QfJ2VibY%2FikS14fowPnUwtBG0SWfVBJsYjWBbqQzIYpnpbucjdOLiM5mToLLETw2IzvzdKry1QRbHuEP%2FpotiVGin8s1IvtGBTRoYs%3D&catalog_product_id=MLCU3127627648&zip_code=CL-RM_TUxDQ1NBTjk4M2M","6.440","","","19% OFF","","$","7.990"
"https://http2.mlstatic.com/D_Q_NP_2X_648504-MLA107821313208_032026-P.webp","Taza Tazón Mug Cerámica Mickey Minnie Stitch Disney 550ml Stitch Blanco","https://click1.mercadolibre.cl/mclics/clicks/external/MLC/count?a=HFXj%2FdcgVUXHDvT3vD7on7b%2F742xOXNvcXefm8HE%2BE6oDS%2Fh%2BrhGZNanqGGQCSizAh27MQFXbUjzN839GAiKgjJ3eo%2Fl1tNWjLDWaFCyD4PqTLSq9kZRpK2SFjpWuQ2wrWk4X4U0vRDXhRH5tBpnP9EVRXcg6X2VdJGlpOGbi1N7OesVq7GWwHe2Q2GjBHOqjfRpiWUb6TYEKpFX1WIUc3OdFyo%2Be%2B0O%2BU8DHoH%2FOuHXf46bKiit%2F5QXllg%2F7lHGxqB6ro7g3uPGMBuclJGIQNmdbKU9tVMlMOrHltlgRU27t8b1V3HAuhfOjKby4WxU5VmUjp1LD%2BlalAnvH9awC9O9V8eHLM8mkGnc8C%2BbRaruL1HEidmp%2B%2BOWe4%2FPqBBrKTP5goqUFMuZbMioUA0%2Frk3aRvBIz5Aio%2B5OFVbOQCkLgSzHLn%2BOHm%2BbHYvD7qWITtP5cLD5bS8pdKrkw3puzZU3ZmkefE7KHMhyUSF6pe%2B0s1GCr%2BmLX4rnGmqO7XiAKFFG7VPurBKGLOdKjriieB5dTEu%2BIAczxdR6OemvldOUS2E%2Bdex1HHmNDwMcVrMJyhx8YEI%2FP%2BvycS7G8JyKJ3z0ZSHEcdpLslkKHrl3AwpTJQfPt66QGO2VR7sQ3%2FU41v2xwAHVv%2B0EfyE1P2ksXqq9gIdpIq6aaMQpHMgfZv1MsDYatFrOuZrAm7TF2Py%2FHVmc4COyqcGIorU9tBJYQgSGd%2FLuihGg39u6UkQ070xEGyR9cMAyVJD3NTUZz6%2BJ4t0jo4Mnl5wZclsGX%2BPVz1KROzIK3xcgrHZ58A7OQBr0hSRTLeCrj7mMK42CgYivbmC2Om%2BGIeW6cZuP7TXCBM4bnlpFRJAqxYMRhJWcRnkAAQpSnOeoaSx7iyLwKNhPIBWnZ58a%2BnMzdT8piK6QIW5VxJ2LztpFqVZXWhgfEMCeNndwZkQbFeFz5I1jnbVaZEiHPmYcXW1fy%2FmnDQhM%2F%2FbdO%2FHYx6c%3D&catalog_product_id=MLCU3844415862&zip_code=CL-RM_TUxDQ1NBTjk4M2M","9.990","$","832","","12 cuotas de  sin interés","",""
"https://http2.mlstatic.com/D_Q_NP_2X_806086-MLC97919838256_112025-P.webp","Tazón De Colección Johannes Kaiser Estilo Snoopy Blanco","https://click1.mercadolibre.cl/mclics/clicks/external/MLC/count?a=ufd20lbB9gTdp6R%2FzsKzV9imr1jt9jOXOJhOP5cEUF3VlfDiH7ODdk6yFP4EdOTfk722yn4w0r8R2nIz2EB8M%2FCDEr7%2FK%2BxvG2Tv8MNFs%2BAXCR2S0HbGJy6M%2BXNakOht9P1y3ER7zm2kbgj8%2FnO5knSGBdwS5%2FJ5AyFb1UwFlFQ7F5NqutrdOo6HRpEdV4mpVRrewIO66ZTpLu7zBcmygZIIz9M%2BYwaGoKReB6Yg33uxmQCPLH2zMtqm18cSuTi17XGebtNS4QJ826Zh%2BlxLumACDpv1TUo%2Fv7b5HTTADx6vdBF1JlYk%2FOl%2Bhu3JCrjkA1aw81TLxYpHznabFFMs%2F0unXPz44ty2QS33s21ccHYRaFgkbmiZBEMMVnZOExhEFfTJI3c2EN05GkMTHulLcmIN4cCmK8Es79wQnTNtUoMRwFKuRzn%2BTWOZKJ2yre7qdhIr9sMNNiSUF5BrVQVAdXcgp34JBj6lINhqspUgwoBt4J4baijH2ngMwRXgYqnot98zem%2Boqa%2FmI44Gz8Rt4XcM74pg7ZITQrjbmKVb%2B6bAkfDPWASzRq2vepl%2FKqchOAShdCpYCKm%2FDw41pBzV0YZiMpwEGwmcw9bjy1WjZla847LmLSeHLkQCDMfbTSFTLpg75W%2BxUlQ22yAY%2Fqn1pWp3N3hW2W%2BU4eIhisI1zRRAE%2FNJ6IfuWHskkCwasXgIDmPUco31gwZ4PLCeBa88kKPMXmuox9AO7miRsugVPNiGE5dcueeSQc9lbBWT%2BBOxsok1T8gxJ48FtUSs6aSGCbXvraXhU0tL4xRQwTw5vYh8diFyniiU1ziQusTHfIoN0KJ7n1OGwGZRI2z8j4lfKz30qhQuGKU4fK4fweCHjKjUrmrXMO1ydoBY%2B%2F6eYMQNnzSHa8WRzpKslETCZNxCgb%2F7%2BcL7v2UWRYueU3njG%2FDJHLuaYHDXdZGgV1YJwHZoHaQVS8yadADjx2pI%2Fg%3D%3D&catalog_product_id=MLCU3559209095&zip_code=CL-RM_TUxDQ1NBTjk4M2M","5.990","","","","","",""
"https://http2.mlstatic.com/D_Q_NP_2X_934657-MLC81528673729_122024-P.webp","Tazon Shopero Cerveceros Vikingos Acero Inoxidable 600ml Negro","https://click1.mercadolibre.cl/mclics/clicks/external/MLC/count?a=nCG8FZXEj1V7rdPB96Cb9%2Fb2ygUzi8gqtZZoZEu0h%2BNA2Jtc1wYIAuWoX0Bnc33a%2BkQNoyaQatvWKlQOr1hxQoY22FKTM%2BScJ7PxQQiIoWKprsPjthGf%2FgzMyD6Iw%2B0rYGeR8aOHYqhCdJw%2FRyr1QPFnU%2BDNdyd71aCGnLbT7D%2BThqenDOWLTzwv1TXeJ%2Bei4uptVO%2BUfqNY7BQP1NJaflwWlUboQQ4iBrE%2B3sglq8mlDMJqqIkRe038EtJI34uZe95Pfmk%2BvxPyvfI7%2FVzSqvRbCernMhQTyIt8Nqqh8Qj%2Bo7RvMJCaUyCbbNrybuU%2BB%2B82ARaCWUQPvtZfp6p6%2B7X3G%2FC12PEnAGqQAMjh%2F9Cts6mdvhym6ljCnypp%2BoE15C4L5Na88FzVUNYvjZ3qmkOuRDBP4JdFWWBpG%2FZFs0A%2Fk%2FYOTkCs8y%2BDl5pyd1%2FerGnjJMayaMMCIJV2up5EjkGuUoFh5qI6BbK7ttwJJLIale2ppYgEbrE9%2Fu4MsRDOWDtIssSoded6%2Bb1YFKcDCDAXHk6EVo1JRaddNt%2FPeV%2F6O1inPTmXcvdCtA4Lb9v9Z2A7%2Fb8JVFl4KU3WCBdk0wOyWNOcmmD9DhtroORj7EfGVaqoL%2BBA9dpz%2BISZuey7hAGzMv7dnupSNSsI0fE1EsQTKy9YLRRye8rm4gTTEZrGrJZ%2BZ7rvDECu81H00Kra1D8DEDK5oybqW5QBUBQUEwmx8HBKRXiBnjY%2FrhuoR%2FYcI%2F5BLbVRtmN3uS2aycGdDr6wUhcmfpHorhF5mNHeeNSg8Qd%2F7Qk5Js%2BCKybkQiwknJdGt5%2FFjM06pO8BI80PGFy%2B9dqRMLQw1ZRfz2vw6JTEHS4jqn5WyrtbnECC1gPmI0SyquoZUI6VGG3cYrumVtQMDu3I07%2BCm6PDvBwijyYx%2B9EMC1mX8VIWARJpYOb7ARj3A0uLmYfKE%2B4DL5AfBmdA%2FKa4BS%2B9smJDcUmcuf84uLrI&catalog_product_id=MLCU364002914&zip_code=CL-RM_TUxDQ1NBTjk4M2M","12.890","$","1.074","","12 cuotas de  sin interés","",""
"https://http2.mlstatic.com/D_Q_NP_2X_804469-MLC79934163585_102024-P.webp","Tazón Taza Sublimación Caja 36 Unid Cerámicas 350cc Blanco Blanco","https://click1.mercadolibre.cl/mclics/clicks/external/MLC/count?a=v%2BBKYhRur9BkLznHFF6JMx8P%2FLGq%2FXayVEqSqGiZJ%2FO1kze6Y0%2FU5xPWV1%2BjurHmnyoRf7Iy%2Ffylzx2L2z3b6YVqensNA5R4iB9emoLdjr62A3RmzDEk%2BbYh%2Bv0B8a6ihUXN%2BtVLGYDUSwZ4BFW8XlbtTdWPcDELDx3ALD%2BpgKfKg%2F8FivtY17B4POAvWORucUsx5rs7jnAoMklgifnGI2CJnd3oSZPSOD5lKm4fzY9rb2q7Kw7GvXsRssoHB3uIWQS43mY7P5F57Tg0tBJSHcku8OQKXYo5R6PU7NrBW1sPobNsfvw4CIxOAT%2BJ9GqfIAmRXpKIzFObls3LFuZxDJle7GbxhWExXugogka1mpeIV8y9mB4PVQPzULL%2B4nMtQ67lZ%2B%2FRfxN3m2mo9wV8n2GmsX8erWIy5hXtNb9hA8vpiv1AMR0usR%2FpRC9tbjO%2BpUMvSHqOxe7FYPl%2FfxORSB%2B71KE3A3HmbY%2FOiD4GfQB5CB4w0AALMCCC%2FTuQnZ0ZfU4ANZJRfs1zcN80h0nKmvAyirLmUjoIN1vQA%2BL6MY4nSYX74OW%2B0ZDjeCTAi48NyT1aQsu0%2B6hcSYnZ25mnNo5zNnd4eYDhXh%2BLdndW1whHF59S3HCv0kSoDAg4efz%2FhWlAjk3%2FgOIFYcowmZ0Dt5dsGyHg7wW4ula6bpXdjEdNcrIV5HML1aeUaT7SVnVbcU5QlaWCMo1QMDYxpnfwJO1Ry5DDLN0q1amOJdpaSOskqMdWegbRwtDn1%2F3%2FgiwH8luffFO8b%2F5PbWwcxoRIPMPoWRo%2Ft%2BUitj2hW6EuZ9zPsAn%2FDqU4DkaJ0i8w8ccG50bDl2oDWY1bUzVDzc4j7AobCbx87XRqsJhVuMWF5mBcsPIkeKhtWNE67pRxC7oCDlzljpgkBy8T6U7TXYaZ8ty%2Fzfcc1cg7jl3fRjFO9FkijmNS1r3v1BqEQzbFZOstGRDPTTaMQkku9fU%2Fqqbj3s53wex%2FPXs%3D&catalog_product_id=MLCU869219497&zip_code=CL-RM_TUxDQ1NBTjk4M2M","35.443","$","5.907","33% OFF","6 cuotas de  sin interés","$","52.900"
"https://http2.mlstatic.com/D_Q_NP_2X_700582-MLC82841751909_032025-P.webp","Taza Tazón Grande Cerámica + Cuchara. Regalo Dia De La Madre Blanco","https://click1.mercadolibre.cl/mclics/clicks/external/MLC/count?a=5Ax6P8vdUd8uxfNMjDMYDoS3O3aBlBS63Vb8VpdAwx3sAXVyJjcCksFpbgDhFd5S%2FK8j49%2BGkVOuUGRzowTymzL3EPLw5xJyp432AyWVafoPhjER96cPLwsDt5HUbZjOtDXtZlqr1iONbwUANzoEujYxTr1ivj1ExvB2qGlHkH0BsHCihzCBKfrbmjVTixg5ER%2Fs9x2%2BSsZddkfLPHsr5Y98laro5HuYGNEdiDP6pgRowGAUfAxyMx19hrhbVaTawBmOhjOylatl1CT4m9LUNJm0CyodSkIFb%2BiTgE%2BkqCQYUzVDl5bNhcF%2BTMktt1N%2FKvci4SPg3O4PkA0Z%2FVGZ0dlur5G8V7gsxQNQ%2BrMrbbDG%2BIYtgktGguR6hGYanWLp670r%2BCOd8Rb9CfQZCAcgD0ayS0b8zkShBBtPuccoZbCeeGszFdSrWxpzQt%2B5NMsDUoiUH5GcpbDj4AFndCFx8qtw6qDqzPByBOME9SoK9Kj4vItSnnSWAN3E4JDqZxLV6G7gm7aF%2BPpdzBezZMqC9YjhvfBBj68ZPzgyKdi4uckEu%2B6gRn7mIyG4x%2BGuh%2BC4CddNiSU7EbCUX95y695M14DtaUnHTc9GhzncY7HeLAxHH%2BOLrxV%2BbhOutWzJwnGHAGFjVxlBTJ6SH9l9Upd0VfLRwVN9%2FIvWEwavJIQXiu0dHwmfHeoHrcJJQUo6O7AiTm20fzZBoiYAj0kiYAWN1snDVpMpDU%2F9DcOodI1duHS5GzcF0ntcKo3w%2Bl5hjieQbajDoCptcqY3k%2F1LUX9uXLIH%2F8Q7oVf55YYtQfUexLJ%2FpZfd8Y02wYDUQaK%2BdzqSL0yBC%2F2q2efe0%2B10i50xm4PdVUCM7nbNO2lRbpN5eoy5dmu0kguvy9cAXR69V7nPSassqtzDa4pfHjefLm8wO16ew2JdsM35xsPC0vFmdd%2Fgc5lYuPt78z9JaZBeEt5fBccuw%2BGz24Hgzx2xDPwSTxyQO71r%2FJM%3D&catalog_product_id=MLCU3045521053&zip_code=CL-RM_TUxDQ1NBTjk4M2M","7.900","","","","","",""
"https://http2.mlstatic.com/D_Q_NP_2X_724525-MLC75893547970_042024-P-taza-mug-termica-universidad-de-chile-personalizable.webp","Taza Mug Termica Universidad De Chile Personalizable","https://click1.mercadolibre.cl/mclics/clicks/external/MLC/count?a=CClM6xj8pt0xh1P6EFvRa6jACtSeOrgKVnTj9mvWSNI4avuiUjIoTIGqT0zewM9VeAG00DAVFewc2gh85cB0zx23URY2mGGAWTqhh9aoa%2BqE2ABUTCArIJPyQpDgHGZKL4oy1%2FGUzuQjidM4DEGwY9esmny9Dx%2BP%2FA8KmY1WeyjQRMmdvED7kCfvEK8yrT4vGbx2eSVceeHoaIJBIH8oEDGSMCCtp8%2BACnmWMdxGsjPSOWhHwTiowh2DB8B4WvqerCyGZDcs9rSaLc60mB14xn2kFMM7o2Qn9IkzKlggQCXTcmr0KrcVQOLfXXV3bvP5F4oX5JiG9ByI0IJIUYxibLP%2FwD%2BURGXTiUnryT7LvO%2BfYI2MqDeXKb%2FkHApbs7LWsjyV1XWPdbMvQQEdkagr0Ov%2FEZnKF%2FL1WqcgmpabDMVZKxCR4NwJNEccHJplYfpxrVxYFNJ7nKoKm%2B2XchmKgQIjhGP1Jn4gJ1goLq0tQuxENfFZJ0Y6OVqDr1B%2FRkuH6pLoehklWd2MjiUtIYw2%2B3ia4TluNBJwrtSZy%2FH3%2BvV5ZjSeIhMruelBynfU8abeRKm3PUU9F3pikZ22CgBtYHOmi9P4eIzQRTP0PSsDbDLyLrdtrp2S0c9VoVTVN4bdEdTjLLGAWpBle4FthVLtCVWfba87EtR7t4YeFjIHuXoByG5ndpQ2H3HrwOzqKMLjsiNukpeiZHhQqJ16MpQ72vYbsADb8EX2bmSuSzMDn16OlCFDWsHaqGvxdtsv5elHEXqvMhkO60Fqxy3GvgITLTBCjM3AXnGOiBt%2FPiSWfntBQIsXHVp2OCDi7aMDdxfFOS9yR%2FaQMsoByhIYSpL4UiAHHlrMMnIXCq0EHO3QtL4LNn7%2BuJ50U%2Bl1VCxZXZIH4SLK4iqCKs32nBhpS%2F%2Bl2Mk3RIGH9NhrUfm%2BvWW1quEP","14.990","$","1.249","","12 cuotas de  sin interés","",""
"https://http2.mlstatic.com/D_Q_NP_2X_748486-MLC83785354388_042025-P.webp","Rnm-0449 Taza Tazon Iron Maiden Book Of Souls Sleep Token Negro","https://click1.mercadolibre.cl/mclics/clicks/external/MLC/count?a=yg4sS69tEQF369gqyK5SDnSbs1rtZcYdm%2F5BAEARP0%2B1IxQVKddRznW4UThdwA2B4vmkrl2S71yTyIoQSWJ6%2BBGxZ96vwYAliw7BCIabkI5cAh%2Ft64vS0BhDftNSo2A5qSd115iiWPN8A8MSgGb0IVTr5%2FSSBPCGTjtIO4iHXWPRWk9FY9hVi2ErujfuYVJCCbMkfNWNq9TcRv78V9zXtRyEV6hBnKyNJLyMkT9TH%2FBvxC90OzCeKs0zk38yYulSY8ZMXLsqnTi0VyJcA%2BymSsfmqTbkZTMf9A2y8gtIZj3d0aMZWmwYh2LpHDc%2B2O5a2Mw%2FKyIxp3gvnOfR96oIc195CF2PsHKf9f3qG6RYHkuF0SgWIUROdcAMbU%2B2KdA2Oe6QxwPIwA3sC00eWFo7oN0YY0Xs6R9%2BFxZQYv5jXCXmHHlYKIv29qxWiIwNUrlM1Rmb%2FHljAjQoOFCgFwJQuhrEBxIv3an%2FGQEFNKa%2FwYIx3pCdwEsgUgHcx2zky%2BOBJz5h6u0nxUSMcVM61lXaKsXgK%2Fhf6HZDLuK%2BEhrhjPS6pjqNAc%2FgWNUqlal6Ud9JZxDWB4OXR0Ya7vn75Jr8RPz3SO7NFsjjQ3wdvFWtcc%2BrTQ%2BZsHXk%2FWe6JLjJR4auQr8UiGbAJfzP7p%2BfJJbT0us398FHpbVTihSLDOjtYoNtyzhQOEuSmuHNjlme5kEQBxgvIIvxTlL3vwrBXkpYGmPiHicebyzk%2Fz6jEYhsNQvVXv6HjvIDp1kkm22B%2BKgIapebZU%2BdB9w9qIPMBwKEYvN5r6Gd1xYrM8LiQ9cES5n6QoNM5KA53O1wvyE6mBnfJ%2BpYSb9Go005u5ONrqcG9sXJGIWBrv1iz4QEQXvS0NqukJ33A90OFKO4dPv2J%2FskQriBRmCzaxJh%2BIvB14%2Famn9OX26YRD2bNOZONkpqLCC9u6QQhC9Fi%2BQwELZYlOJgOf2XRL7H4d0gdj%2Bj4Up8jZ2D3QyndKo%3D&catalog_product_id=MLCU3148085952&zip_code=CL-RM_TUxDQ1NBTjk4M2M","6.440","","","19% OFF","","$","7.990"
"https://http2.mlstatic.com/D_Q_NP_2X_988511-MLC75893546850_042024-P-taza-mug-termica-dia-del-padre-modelo-2-personalizable.webp","Taza Mug Termica Dia Del Padre Modelo 2 Personalizable","https://click1.mercadolibre.cl/mclics/clicks/external/MLC/count?a=eq7d3DYJf7K1vTTbFD33pfoy3nGRTv1O6gtiPA%2BCMsMJqf4Vpd0dzRlcLhuYEgoUnhDh21OqIJFR%2FCHqAsbx1PCiUsgF2KxncCS%2BLGSemYT3OQmPg9K3qza98CEmRcU44rhEWFjjHattUfSfJXWhPmUMZMp7tQ2FGwJ4K70vB%2BdOeGSQSozND8qZ1oxHZ5lVs7HuKc7T8CqJJelVuYc%2BsbIg9je2xPgUaaVkC4lUIQDOLSVI31hcBXKUpqOArtlWUe%2BLq1etALwgm86vYoTEF%2BiXm98pEc7%2FeR0zcNTqdBePqFVRz96NteY8RHXBzQuAOLiF1dGx%2BZr9oYObhsLlLiMSWCCcACxEHQqsgTEH4WIQchC%2FdGiaL8Fb0L4YxChyWfL36ftLRQcSIvThcwmftPxe2MIrfKmKzIgLsQHOYnJEc21cBWUDunsCwg8P6Y2xUZuO7J1H1i0tgofzV6qDepZxglYJangHOIsxZxiie8Dk1R%2FtrPuXAazWyLWM6bYXc2TjNwyZaRnU%2FBqkflUjRorWVrka%2FNvTENPdhgli9isE7udH6wMrTx7t%2BP5faYY3RHthL8PE439PvUQtdD4uXiDAJBACzaeldgTHkTyZMOuhRK7bjGM8xJgqWn8LIfF%2BfyLbIQ9DeTQPckyvWrcP%2BZUTDumW3tpqlaYyUD3WvBSK4n17oiwpIqdLNYXxUJq4cgJmyPZ0vvQB5U2hpI4pKHIUT7gCdIhkudgiuHKPwLOxS2bhehHMaBmcT%2FmQ%2Btbw4zCSzRD%2BuCxlN%2B%2BURmJpZpnb7BhX3nUWZBlHV23y9eYmxfvN9wb9aBd8vgFfHfJ0MXPJ7RUeXooGJpfpZjOlQDlrXknbDh5kjFuPkq7NlSligVJX9L41jusXr9w2VjhDFaXfuU281hvFJ%2FgpnsagjdHDX%2BzdffoiJQzYpQ6e%2B3z7lg%3D%3D","14.990","$","1.249","","12 cuotas de  sin interés","",""
"https://http2.mlstatic.com/D_Q_NP_2X_944994-MLA100017041319_122025-P.webp","Tazon - Taza Termica De Acero Con Tapa Harry Potter Blanco","https://click1.mercadolibre.cl/mclics/clicks/external/MLC/count?a=gBf%2Fb1ocP6n9Ed9FqaB6tEXG1zM4tFhqJtjMl%2BjXuOXqjwY7x54GJY2Cv%2BVB3RlBbNjmuvMXD87WOhJ9jQ06EYXgTt9nnnbFxOOlvbrs4QBNgqUP%2BHR7KB%2FMP1kKLj3FXetzObzpa%2FL7iWKPX1TFJXwcCauApA0aDkb6%2B%2Bw0iJby1cCA0HlbmqmuI06DTeIGtrFeeao3SqHKotBFmrcMy%2BhKETvADTDOv5JsmnZb9sMHEMXJxVMp1it68bdsN1Q7nTWWhArzPdrLs0pN2Ozxlv2UykLkaEiMZfKQ2qPnQkg8a8mwtrBR65R6QdumaPVWg9u1hJfvXjsyb%2BBXdA6op2xuGKDzZ4UbymL4QAXgBHaWWRzJn5YKDjNI0UiViI5Sn75U7EvNOFSl6XdiaYImhNp2R4JMSbmUHw0%2B5AVscMDxZtcBi5ziia9UPL5ZuA6Kc8gU22Qh2bScCX3iVfzQJQXC%2F%2Fc1GGZMWmnC70RD%2Fh%2FyG2PpoogqXkwWr61sOeM5ciHSBS1pOQ0amrvina7tCiH5bZt%2BiiGZD3NT%2BxPB%2BCtciVwHNaokhp4gvndmcNqHfm1eYdmHZ5q5LEl6HmnnvSmU%2ByW7%2FQLz5x%2Fwa3zGHVTubpMWFdZM0oB%2F38nWbnX7WvF6DoliTbM8E0F0UBlJRDvOQ748eGUpzHJPSHlyZLiCA999h%2FmeTOavyLrpyUKrsqurxdnLKeA9EgfnlZ57RwRNIWPggJIu3iLNn%2BSxYeJ8dlSYJR%2FIpTMe6sFdatdnN30OCf7xpx8gvmsTDlZplJEjVn8GEXruSLdCQu%2FtnPzKi1Wl8wVHpyefYVDwlA2FwuXfeeILmJEga0NWK4KA5VfG3vqZdQzsVcbaXqzj%2B6QS%2FPQYhGKAXclAM5zg2PTz725uZ13ZFu0%2FTf44DTFJ0ssQcgOnAc9UhvWyEtTjO0DLLI0Cgi5CRX7FmRqQREOjMbVVQY26pxH0BZTTtccTwQk4iVywXHQZH%2FXbzFFJNnrLtZtcBJxlSwR1m3%2B7vbT0nkI%3D&catalog_product_id=MLC46926379&zip_code=CL-RM_TUxDQ1NBTjk4M2M","11.243","$","937","25% OFF","12 cuotas de  sin interés","$","14.990"
"https://http2.mlstatic.com/D_Q_NP_2X_836744-MLC76438024092_052024-P.webp","Tazon Enlozado Universidad De Chile Personalizable Blanco","https://click1.mercadolibre.cl/mclics/clicks/external/MLC/count?a=trpyJKdqY03vqpNzqSJiwy50u%2FGAzSceXx5cALlNklUNG0mgVtCNEOuLiU%2FaY8QWJb1AzbQulhBI4jyakiL8qWlNGHoH%2BG2zjccL4S5KDUaRd4ibI9r3fR5AB9%2BuypHd3DVGFeUmYJVgquQUr8zdm9uxixa1paSqeE0PF5g7s6ctHnm2C86LT63F0RxdCnGkTy838fSsk4VJdpJ9KUkwtVvd5rfiXBXQmsd74IHskix4EcdwJhybmgc8qandnO8SFkf2c7CpcsdA773JL8nhGGhteM2S9ifmmsbxOXK7upo3rKXvVgfNF7%2FYl%2BIfTFNn182oyKMaqZeGr93sM9BUAR9ELjl6fmkaFxYBXiPg5BHfElfwzPJr883RZYuNdGCGS1aK4WRVaQDlyYZ2mY5KNVaoSfH5fkaLbiezNCZQDyllWwBlWCoQ20R4baYRTAUgQkow%2BzMtCiYwj9ZuOsbiTOA8%2BO10hiY7PkdFQe00CqTVpiXYmFL4D%2F17J2yopmf%2BWxFayqn7%2FJHsfarwyiV%2FFFq9Ss21wj87fq01K58365k7c1IZ5EIpvmfKkzCv31Wy%2BoOAsz1TizYRLJzia5gpKgOsOfz%2BMBRo8GWVhnXKWAxPFgrke7eJta%2BGVgFLZuLl8NFcJkcX83o8BchLtOofbAWgQaoLXUge5GYP74Jte9HLvNn%2BuZjNXMjnffny%2BSCUCca%2Fm9AVOsT%2FEIf9TfUwB376dZIQTHaHz3y9EUOHiNzZnAI8lmA5rxfDhyW%2B0ba6Pkrlx2H%2B%2FzU08dn%2BYi0IKP9eWMPUJh%2BG2q2WG4pkxSWZrZfNwhBMMUK2AEn1UFJ9nuJqMxw6C23QpR1JjyNXWtRjLTi0vBzHKiptkxVfznd2o15NkIbBvggvMRvScsJoJJb9J6gUkNLqxUZS931Lf7Br619PMGAVK6pgH6FDMS9HnMLpx2vLAZ%2BIGw%2Ft74xkkpxLnGGzF6FCeTciINt07g%3D%3D&catalog_product_id=MLCU378390702&zip_code=CL-RM_TUxDQ1NBTjk4M2M","12.990","$","1.082","","12 cuotas de  sin interés","",""
"https://http2.mlstatic.com/D_Q_NP_2X_622304-MLC102170213499_122025-P.webp","Tazón De Colección Acab All Communists Are Bastards Blanco","https://click1.mercadolibre.cl/mclics/clicks/external/MLC/count?a=PYoyNFBK%2F%2FjRQFH%2FcRAGL99t8RdbhDfJriM0mnVImG2kuTit2O70XmjGvCkpwZliurRrPSAUTYnLIvI7FMgSp%2Bv4dB%2BFxfkJEY1v52vB%2BwFdfiLfqQ0fjx7CcDemlvzjTUh9LfGiwPsNJaikdl8T%2FWv5ZtFJSj6QjcuTLMcdxMtpvgWaNbSpKivdoRJwpjAkaRWY2XrrAhwRWM791MzZxy8t1br1h9xoFOIMqzvJmsBMAcHjDPzVPGvpAdAJIivzJiRwdr59mHtEOfkDisLpPi4Mj3MQFfnaLu71QFWY2IvRMi%2FT6UjF%2FQMKmtkW2u%2B7tdsUR7PNddt%2FDPKA%2BCqPpmbrya8v7flwH0ud6ry3l1khna5eBaPOwtPLJO%2F9K8V4pOldiKk5MTiuq5DYm8YmXqxrQcKGqKFCIDOyVnMkrS5YRsIq9UTMRCetjLJ%2BxfWriGDs87rJUYj%2BjayN3BahEE5xj2MXyJ2sowe43Jf%2BSETwp%2BFRnhYzx4ivZ3FHhrBrFfdQ5EmehfE6i7TYV7oIr2sdQINIeY2Skz%2FJgP52kdFLuxHS%2BfPfg6R5G%2FhnHDFC%2F3KLA%2B6gx5qmT7tmoVBFAlqfsJ0HeU1vg96myfwNODy%2BVOZ4xjVPQsFu4PvFKWyT4pkhvegNNETRyIIxyElsTes8vWXa4q81EdK74ZtOke5TtwfECQTPUKjd53e5wQ8e2iKAFebaTIaDQGw8l5e7XsEqrOZhz%2FR4ngf8a0M%2B7ZTHXBw1lVecDSX4y9EuDzva5Y5Ha2%2BgJgFVOFeJQV5nZBFXGhLyxzIP8XavXczlPzvSYRA3NGRphw%2FIr32%2BLlyuQ1aDqdpxvmDFcXSlArkAZZGfuzJK55Nyvcy8N%2F1GHthNPIH1fHvh9abzRG1Q3IeFQzneDhgMrnXcdsGIU%2BabR5aA3yfu7aBwj1aKQX8oyB%2BynIimxTNUPKA8Uv9fmHeQhvBMx6cYWCkzwgG2MjWPB2M%3D&catalog_product_id=MLCU3695798438&zip_code=CL-RM_TUxDQ1NBTjk4M2M","5.990","","","","","",""
"https://http2.mlstatic.com/D_Q_NP_2X_813696-MLA99948862425_112025-P.webp","Taza Mickey Mouse Disney - En Caja Individuales","https://click1.mercadolibre.cl/mclics/clicks/external/MLC/count?a=bwEIWQ4AKS0H5NdEbenYy%2FnshyqbS07Y0a%2FmpYQsN31R9dLd0IS3M0%2Fs3g9%2Fr0E0Ibg0x5uXhsKOrk5HoyWQieVfqrW0SoDnXrZaFIIdP%2FZAlHRb21pMxgbDLxpHkfwUhIdX%2B%2BO7%2BZovxL39q6IVlWqh8YONNyuWC9vGEhzUsUC5vvOGlEvPV0w4rY8ZjN%2BXsPyIFpDp4Nn9qh4XHhcX6ens1lZ3OMa9c4UgkQQiYtDm5PqnQIldadn7Udj5RcTef5CYBhKqFgAtw2xHoHPSIuf327Gh02B7CwiBtzQF1QZoWksb493TI1WKit0Jr7GBe0xUj%2B%2BY0up6KzW6MUD7Ww%2BMQXmpJaMI16o9ygHK2JsfGPRbituuLS85impAV85cuPGRz0VP8FhAB4nTWaAComHBKz%2BZj6EgyYMbfJdYosZzvT%2BW3nEQbbwVP3UnovC7iPHiUbkOWm4H5wuayXU75NbDLI3PSOWq9OfND6B0DYJLyhJcB5htpFti8K%2ByMw5bGKNSFjw2Vr4tkKMUbCCbR3zks8QNR5JzWPYERfFy1bFo9jr1tI2Sbsrtqr9U6eQ%2FYA7iC7edidPBB20f%2F8bgztuP%2BB7N0r8XBrR%2FHT9b9l%2Fu6ocmVTXIU4gR%2Bx2RVscYXDiAz%2B1V7kaCxkfkM3LZaIi9PZi9CVgEjPqlX2WEeJc1kLOYJEmEzimtNb9KbXa6muF0wSiNekAt8jVgZbfVzcvV%2BBWFa6JNoM6m1Bk%2BuWsWIxWfwoVLo3LFuzCfJSQNLLwj38aLaJQclg%2BH52BuFe2pjzpDkbTqmS2U3gC0pd06MBYHzFHazg%2BJljnYRzNPsVnczh4z5liGVZmQtmp1Y8jChBRxped3LAziwAJVh5OHfiE4TIclnaWBFlO5GsgQdIUCxERzf0kjxWNl4P8XNElBL0GJG2MlpSSTzfv4cEbd1mLoZ64rjvcHsh1h0Dcl5LIDg8hfTsv6UNMBbSTsh%2BfIsqiJ3V15hyVI4cpLnb8Y6x8I3e%2BCreK40EAFCH4%3D&catalog_product_id=MLC27269373&zip_code=CL-RM_TUxDQ1NBTjk4M2M","6.990","","","22% OFF","","$","8.990"
"https://http2.mlstatic.com/D_Q_NP_2X_641631-MLC101594257768_122025-P.webp","Tazón Taza Batman, Varios Modelos Azul","https://click1.mercadolibre.cl/mclics/clicks/external/MLC/count?a=tpgU7%2BOT7EwlM8gIUBKCXvIk8A%2Bn7TAfKz92LmQVTa%2BESlHfnocTESSHg472AqaFO6%2FB9zH3InrvJaBoxIY56qVmiG0k3rE3waAX4yKN6Gqp2dbNr4bdJUCblNKg2pr1CrlXh37KmZM9Jwba%2BLSsj2P%2FtO1Msc6lQ9CEY9JsPyK6BcN1sYgJrqQ5w%2FW1SDEgeVYK8jf63a3%2BacoeEfrpx%2BlghJUd2XBszxgUW%2BcgoCQCesEUXcgBqIN0lpCwPH0xu6CCgCZ1jttp74IRc4MlAzmXwSk%2FwruQ09W9DM0BTaOQM%2F626aglLi05ecEqmlutras1O0N41stHx1fWzYvBoILLJgzHeHcIYQt6KYuQIMn8yNMp98MfPXM6g%2BK4bC0kRz3kZy2O3DanAJuOPJ3qqjriL%2BGho%2Fflt%2BPR3HyN1AdHLVj%2F09P0MxlJa2YkW7oVFExIzzlrJkwObxedhwgY7DCoXQgvOz0Rsbtj%2B7Qbu2d5NHE00zhpJNqTtFe2hhIbxuYzQYW0k1HEeKmTOuQqUSVEL%2FaUBUcFaLOBrJLpttnFKYA3%2BqUXoOZGU0F1ILfbo8lRrFmRWhQ8Cm2YfNmDdeSSUi6DtyRhQSBJZ0wVs9JXiZGgnpSwttSjYZ3qwLMDg7jRcERjphPE%2F3GAMQHgpwShyMli8nK8fSEWRLbQieEU2owwU0tBMd7AXMVdIVaHhek97SXp6PxG8yoiaR4vkri6Q6u5VLlqbZ917tt2oVhym7rIkoGQPoLvR8lXpA%2BiW5hxqqJ8dd6eUuho5toNfkItgzdn7515oOpwQ3l%2Bus2dZRzlbJP%2Bw%2B5xeNVf9LN7Y057M8SdvNRqnrO%2FIZAu%2FbcgylZumQcVm18fT9W01huZUMx5apBFfZA5TLkUHJJ0%2BDWwWOhYZpemnBBnSramGth9g12K%2F4VHzAwCP3VFq60jud0axDENMDMCNv%2FJhwg%3D&catalog_product_id=MLCU3690362390&zip_code=CL-RM_TUxDQ1NBTjk4M2M","5.290","","","","","",""
"https://http2.mlstatic.com/D_Q_NP_2X_674659-MLC50218592801_062022-P.webp","Set De 4 Tazones  Insectos De Chile N2 Andes1","https://click1.mercadolibre.cl/mclics/clicks/external/MLC/count?a=VMIZcfiss7S2sN%2BrrlRMAxC9u1k%2BCZB5C%2BwtDzJcobgK1mzlpHTkwm4uTp2EbSYOl2yBmgNDUSNYpfCqMBLMVke5G1XsVBcLraZtTKEO%2BwP99LCXgevk9gSv%2B5XmUndwUx63O6PYCY2O9aaTPVGpRGnvIUNaY79xQ8yLFp0IZ5ku%2FYnYtSgP%2FdkgehiAgdnKmgfccKjHsyBn0%2FgETJg90ef24nawYFw5fa9C9tcpJm9FnsiEQ%2Fpr4JXwY2nMrNGAEfUga9UJf383peIlYXkTtsg%2BF%2Bt4vAtxmID0XNzyFwifii6BohMR1uqoYj97yHy%2BYf5MPzedSdIthFVZHRfx30Xfr134a%2FKqyGCbrgP58Fs%2FCWZz%2FtYTdmnE8wXSmDa9uAHMpSZQ99BDb2jm24u98ymRxUFA1E4TSJSJFvOEJok9i8t13QWkRklw5Fs1p4IWFf1xdcsW6V%2Fvn0G0rYldg6DkCMLrbnC5143GLIWCm65MmP5lGvANcb0r9aqzIrfSBfSkWnaATv9zf5SkL2heL%2Brxr5ESR9TKyxgf8%2FYR9KBBO9FBjIwOcBnYbpxlweqm2yJfZm5MUc5lhzqmpMRznDWegbS9tA1p%2BCJ0bu6SmV%2BawctaG5jg4RUlK%2FjVp%2BPSIKqVZ8wr8jm4%2FFBo8P%2FYyT4oNGjTul5ghgXebS%2BFjWyGkHO2mNXiiGnJU%2BJm06digLco%2BeCLVMHfHdmweUR%2BDKVKxDwNuCLjceR%2B8kdiH%2FglTRcPMTslAWZTQWrgfaYm9MDiFhtPNdOoT3RLwZum1xRUC1lIJLPS%2Bo3LuJcDLDZaQ%2BNy%2BnQKlC33hDqh7VjQqzXZbCKAd%2FYqVoBGrdiFqAwLPt4EBbN6TLHGbNnjP0yHUBDYuuO%2B08BEV91siwR%2BXtHsF4epd1fl8vsAmnSefa9IO1p2FXt1f1PIgIxaHR%2FCZzhTSKKFR9sOdULab38u6AL8pBZj85%2BM&catalog_product_id=MLCU18349386&zip_code=CL-RM_TUxDQ1NBTjk4M2M","29.990","$","2.499","","12 cuotas de  sin interés","",""
"https://http2.mlstatic.com/D_Q_NP_2X_686473-MLC83791341078_042025-P.webp","Rnm-0450 Taza Tazon Iron Maiden Senjutsu Sleep Token Tool  Negro","https://click1.mercadolibre.cl/mclics/clicks/external/MLC/count?a=zIM%2FYd86GUDfUT1su86lprXrvSpo%2FC%2FVRFNh9%2FxqhWJdvnSKFRWlOtFpLFSpFJ7wPYm1pKVprPn8J7KKRNI05rUlSimwFv%2FgU9S66r0vpf7QwnzCOGKhgC%2BcoaXZE0QYlpSGf0k9iWZvN%2Fh8xgdisNu7A1dAG30aiGUZago6G%2FrtE%2FnbumppaqdWIbbxRyHIXyRIWoUl3AzaMar%2FHrJG4vB2iEzuS8qs%2BqtBJX2iwXOnk2CZ1mjd6DQuBZ%2Bmit%2BXrNGTS96uwjnfBMY69aGym78josY2UXbIFKsptKakcK6v5Y3W00Ly%2B43XEyQkIKgW8iECqfNue%2Bn5wNN%2BRABIO4QqLPeeY8GakHFc8y3lURbtFZI3VeurzVuKl4eGlP1bbDCHO3mXu3g0TSy0O430ZhzlG64HMDuHsDivlWzjGezRnislo4AF3sjNC4SzcPuxqDhNTNc%2F0Map%2B2qAZVYkwzZH6ZZd1dkMnxQP30YNUhvk46nXpCMSHK0c9TMGZaktGJJwksQGwca6XwggNeEQWcVz%2BiKIlVzeq0VjWF%2Br364tvx1%2BdCV85BpG9G8%2BNpqNG4OUp0BmJ7GwmW3yTBHEn4mUEpK1WH3mjkjMffC615FD%2Ff67bipwaQyzsZW7pFIJFq00%2B9302qtP1k1IziBlA5x4QkYXoQ9kcvd0AEjQaJb39UnJmru25%2BIIynVVWJwI5DEIRUeS2aCui%2Fa44bdSUKX5c3oEfdo2U0Qp586L3p3FW98d%2BVbpAHWnc%2FETKlGpszgrbL%2FfC8v49RPcrdhUzaUWk1m%2FTylyXCRhF4uAljT9mtJ7YTBuqBw2BWe%2FN%2BMaLP6nLl7zwX1ow%2B3FXdBN5%2FZaHoDDaRCUN%2B4Rbk%2FgJdv%2BQ92TfSJFapo4vdUJLjE1Nayba7DQUo5tTKSimSE6YpYo0ZF4sqlHYvcqg84889gf39GWz%2BPRsJDxtN0f648HZszTzkjQ5dj0Yv5FoEBihlf7KBPURg%3D%3D&catalog_product_id=MLCU3148440358&zip_code=CL-RM_TUxDQ1NBTjk4M2M","6.440","","","19% OFF","","$","7.990"
"https://http2.mlstatic.com/D_Q_NP_2X_611284-MLC44926737435_022021-P.webp","Taza Ceramica The Beatles Sgt Pepper 325 Ml Musica Fan","https://click1.mercadolibre.cl/mclics/clicks/external/MLC/count?a=i%2FxBoz9S1FouWBPdSo7STz0xQZHNQxc12F75LVXDxunkXEdQLUPCOH%2FYtVhBL28Gi%2F5PZJ9i8sz2hBwYj4azbBAq2VSQx%2BfAE%2BWWkrsOHB6MyJuRnP0bJ3JH%2FCzl1wcDS1bl8kbs9mq1cWRjhrtGn9scLSKq8CNXhmvuzaa2%2BZVbKEZNoOyV9K%2FAzrbr9qjr%2FCrGA2BWbFs0C5cA1Q1nqwC1Odcsa%2BQCq%2Bxhc4edqH0Hpy9tKx%2BavV9Ya%2BItgf%2F0NS0jKjBdQyFQ9yLrssHU8TP16qfr%2F5uVrt64pTOm26XZ5KZk4KVzpOFnPcZ6qnQxIk7xz%2B51O%2BYP64Ik%2FJh6PwTDUj%2FI0TvkiUDeDyrQqvAPfNS1j3feEBW7abddhA7FszTD9taa7y0ru%2FdDkJDgD75SqAkFvzIJHI9eGPVT0t7lHQwC5Ahcq8GujFz4B6LYRiYkjfEoETtTW26Mhbw3vSwTkHajjhPH1v0epn5enbbG9oheQh9anQkFqs5fbWnGCTTEtgKM9TnZS62TMtP9nj8JjhhxOExiEp6O0ADwDXYsHDLBeRXHR89LrziGPCRBp6yBTFQIlvrQcltqAHoB6GRQJunhxEevdzHlyhb4kY%2FjH4tdTVglRt2dyX4BkAcDhAQzCO%2BCfExeSVRpaOtIEpiD%2FkZx0IiPbh9LstFTuWT%2BcT7GTW%2FGG24o9sIuQsgcBBPUeVeDy%2FMB0h3vye1PpMcc7CmYmJ%2Bnf7QyvONgz5awI5PhzeSTACwKYWG%2B%2Fb32dkpX4iYFSMb0TwxqSUwYGEMm8usIa7jMcKeaMXci5c0I8gVMgStyAB5xDdOH7UyYB%2B6GOgV%2BRzv44b5mRcOy%2FBeqmfoLoBoGpbKsu5jeoOPHwbMQwRtiGQKv%2BA%2FZdhX5GIzTwDiCIMSQQ7E0NxR0ixN5DZhDhjKD6Lq0xT1lkXIq2w%2BqPq1LtZRf4fTZxLIl9f8ZoYnP5kuWEiYvpF0%3D&catalog_product_id=MLCU13962669&zip_code=CL-RM_TUxDQ1NBTjk4M2M","5.990","","","","","",""
"https://http2.mlstatic.com/D_Q_NP_2X_675742-MLC98389821729_112025-P.webp","Tazón De Colección Meloni Dios Patria Famila Estilo Snoopy Blanco","https://click1.mercadolibre.cl/mclics/clicks/external/MLC/count?a=8rFK%2FBGmpnGrGpKvSSNeF0XgUEB903FfKv3EoaCfuoC4h7PZr9EUaDwjZW%2B0pyxCOU2m24G83nIWfs%2F2dmQftAeoqjJlngreZ8pwmDdX11gI9yHaP4DOI2WJ3xQk%2FOl11z98jGjaySAEOF%2FNu3dAaBU7ufadXm94%2FdMnocL3BTTa87gaOEsKy%2BO9A4dG7JjiSGlFwWFmUiX%2F5WeBM5Vf6ov2ZZzPrAbB3AzSc7aswG0Hy6fYzO%2Bpe5Gv42n6f53m14buJn2o8PiW7Aen82UjBOCJS8hkKoaOWylaS2DHmGKfEKwy048BgLM8BDzOHvIv9LngJbsE5wUdOYBW3U21bgstuxDcVAFnzSR%2BQT2cpxiVWIyjbTuYUpOHju4Un2lRFEd%2F3J7vV1eELJ4DTXSL18ltd9mNjnT7nN%2FRGZZAxWGFV%2BM9oUNpypbwO929PXavDKMoPqN%2FUQeX7RbQJ4HQS%2Fg%2FcJC8FXHK%2Bt8IZZKUryYFIPMP8HOYLPBA9bT%2BzRlZMPBzuTOPVJbhPIP1o4aeXT0VQYmWLZ4RY5javqnPupj5DBB74kB6hQEZajDdv2g4llYw8egqpJPxGOfPjoxboxRUSbAXue376pccuGsPYxvi%2B7%2F%2Bm%2By%2BLMKXUXkxsyKfKNKSIKfLeCf%2FPRj7GqumQl%2B1ACD2fBLK%2BOHngGH75Cvxeaaf8BOX1calND4j%2Fe1cgG5vYXMVxMqbmoHm60lKb%2FLjdkdeJCL7OQsIn6%2BaegLpjkjBXqgy5b3hadrafysMkE7PtSpP08WsQF1BKymfLT6ynWlI4A%2BJNHpCoAB9ySZIjLql6n%2BqPP%2FawbW2XHSLRa1VTM3Fa8xpRCj0lBKr9Doz8%2Fzlf%2FwlMV1l6yzY%2BOJ3VlneIc%2FTJh6B0lK%2F2buPuWQkLMFoyi9bLM5WfW1rSB6hdhOpMMcGvsQZnbtW4eUUQ1JX9VWkBFrlfLHM1C0PwDmdx0PdCqiE9q88jxLPk9jUGjPe7QA%3D&catalog_product_id=MLCU3559616751&zip_code=CL-RM_TUxDQ1NBTjk4M2M","4.990","","","","","",""
"https://http2.mlstatic.com/D_Q_NP_2X_764703-MLC99721539949_112025-P-tazon-futbol-soy-hincha-del-mejor-equipo-coquimbo-grafimax.webp","Tazon Futbol Soy Hincha Del Mejor Equipo Coquimbo Grafimax","https://click1.mercadolibre.cl/mclics/clicks/external/MLC/count?a=NON2El03ljEluzwKlrQeIKCiBlnVOD8NurUpXPhEwkkcG8obqqXQHtJdXMVJxOcE8fP8bZDzwHPakea%2B4UNHWyKcyC3mS6enFzaG4wYA6MiJhuvgZSzMfbrsu1%2FQxq8Ys%2BMYoZPEgsnX3zA9W9c30kSY2dfEuz6Ifcmmupe%2B0XOVnzg%2Fa1Zlj8vJQ84VJbmGmKJm4uiZYtiB%2BikUe29bhkKJFAjpWSjXUJDDrZ%2B94tDVznF6yXFtk5qimgz4dGb%2FJMHbBPU54PNQUnnRClTGkTehLQi4AgPwoDPXR%2F11YDsFc0Cj7XJ7071aiI5WAj5DuUycYVhv4uri1gOj5es4CCOy9E12vptXdTXy6Zgw%2Fcv8tdNnLiV3l4tZrz7Xet4KwoODA5BFiVDeqU1NVoveZyqjrlKm9yC%2FDE5n9AE4LOC%2FHHXAbXApgHpTpKMREDR3rpT9%2F9hBORB3ilHYc%2BRFuNftG9EMbtdLTfXEF3LlmWa%2FzJT3Lob1V1WBXucdvhyr5QbheYIxQyejfoa1lAAKLCfjBZF01InIyl1fAscwRuUUJPdag52bVJ%2BrZw%2BtX3o28xThuEORC4CS%2Bn89VD5SUzynldQ8CJkL7fmf4gotgZwk8WqMzsPldIMj%2FgYS%2FmoigF4Y%2BqI9jPA2R2nkUkSatIncLSO2D0cUqrLKeaHMzzYcHug4AkHUXrfJnWhjUAXDYqDQiUVFEqQuAnx9SGm6wbiC3cqREFu8AM03NJBX4Q85WE7jnR01PkNwOaYTQBMZG5N5Q%2FegREMvS3DRDYiYk8utT%2BrZw3abm5TiAmTdH%2BX7GsCWM01uZyuzGz0uTWkJyc9Dvk8M6ft5PDB61%2B3Dya5D7pGnuu6u6x6Tw%2Bz2MshH0d3xtoUQVmakBAfncgvumhYDBLZO%2FAarp2Jb3H5EKLDy3AKsyfLtQAlUGIV5IpHitsZXAOPyvSvjmRVtiUjHDZ82n07%2F2kbsJAjDRnv3VeiWhisS4zDW1sSDS22pPA%3D%3D","5.519","","","7% OFF","","$","5.990"
"https://http2.mlstatic.com/D_Q_NP_2X_920717-MLC98390016093_112025-P.webp","Tazón De Colección Nayib Bukele Estilo Snoopy Blanco","https://click1.mercadolibre.cl/mclics/clicks/external/MLC/count?a=sDl35mVy%2F6ovcNy7T0iJH9yGf3KMX%2BQcdvsxGbyVFVEHYYlmnOCldBtI%2FwB2LO%2BLb8zXRrq5g5bhtl1ggGSbHTyjBUz7f2abCZBBfmXTIeeZs2ooy%2FMoLC15P1y6PUhaWKf8%2FC%2Fkfzdb%2B1Fnsm78aIa2ecEpoEEt8RkkW8vp1%2BUNqUssLI6iV7wJ%2BBpvZXtvo0996Y48izLbhnKrQnS%2BBL4DqoKSSpxcMIYWO9ZTaBnYbkQVmO0GMf26IeeAVPE1%2BDoFf45b%2Fr2m1Kjt20TJUi7Og%2B6ZgldPZ8eGXB%2B2V7jcXjfEddJoqVUVFQjo%2FUplto0I7D45CdEX0Fp9JsBy%2FdHpbHD2R%2BoT9fFvxow7qckKYnwVlFk2VnmPKabAy%2FN%2F2QbvLJ5BfrnzAMa0QdJhYRpZIT04Q6lI7OENARhSUvS0%2BFS6rH69C1rDdto9P8sIyWh%2F563e8A1aNrbCH54mtL7ibrWdzyXFvEjBoyyQ%2BEG%2FyAX0b6%2BcCjqfI4i9R74m3Ic5Zi0aKv7%2BpyvMU6D6RMbBAuTe66BS4glU591yrOOnmyZ4AaLLqcEkI99Zy4BZy%2BedsWD0wakXmHrQUYFLA5tFmuTXHYs9VWniZ4grGjdH%2BMDSNuOUOy9XSRMooHkt4mNB8qEH8GTobr917B7ZUtP3ib7vlvzXWSrHxvLRJJjlwfT9uvc29coIS3%2Fr5crc10UkiVexEFKUZdO5qv38uMQ2SQKB8pxY7f1RNTdV5Ih3V7Bw8Za%2FqxMdP9A43WazPY4npMc7IRJ9tTqwMHuOe8rnFJeFJAhxvYI6fIIIc4wgs%2B2mPhRSWvxQsGr2C1ohk0pgLUGQGJhZnOmFJMpQ8b4OaIcsfrg9nLh%2F4kI4%2FRoii%2BTCMyaaHax5PJv7Vd8MI%2BjmbU%2FWjHHQalcEdILnFu7MemM6Lp65xn%2BNvomyOXEx%2BOR%2Bv6C7d5PMRNyLPs6u3n9cdwvHI8al&catalog_product_id=MLCU3566984508&zip_code=CL-RM_TUxDQ1NBTjk4M2M","4.990","","","","","",""
"https://http2.mlstatic.com/D_Q_NP_2X_626728-MLC107483001419_022026-P.webp","Tazon Taza Sublimada - Iron Maiden - Ver 096 Blanco","https://click1.mercadolibre.cl/mclics/clicks/external/MLC/count?a=hUxCFXN%2FULANFATYZ6MbYKXbm2OReK21388LAT%2FLMFTlgmjBMwq98eHtapy%2BLmscu3Oq8kVYkMMM3yyZR6LO5At%2BRzycofBB5yBPI4BA%2FPQa6ozXl30FAQ%2FTTljDAO9t1EjpSWLYXDF79NxQvvHrU%2Fqh77RJBerm1Pf30PPOVjeNZHXgXi4jYvPfYfZwcUfZqfcE88g2iDTdTJKanjHaz%2F1bF8l4g8TzdhEWRcsoepcsbNbHRKdSTXYB7m1%2Fn6BK%2FyRkWN6npideCMO9NV4JRQhF%2Bfk9bOWUtncOiHxfIW%2FTwkgnZoVoopF53bBL3ZtGYLRuO%2FaekozUuWVhrDKbQSBn7h1nA0ey4SfyB6ugHHi3c26sTHjcSCJbqN6%2B1KPZOHhHoX21PV5O%2B3XpQeuyHADVB45tq5mL1%2Fezg7BY0kzB6DRd3Pu%2B9B5aa01jn6EP6rpqWrqN74pYIHnCx%2Fk0IDV0ivWFBCI1RpUjqgGF%2FGbuwrUG2iDqm%2BQdqD7JzeFJ4tKYwDDdSmAg80TGycU%2FJ9g1Jbx3mM8iysMw9CZgEB5%2Fha0fKQ7lhY9IyHh%2BtmzLFPLRTwK4lykyXUdXhW8mXpVdMauDQXTTTnhrUbw%2BcaLio%2BDO%2FQLaCEvz7Er%2BWjvJdP1XH7w8bs4yt2QHLUDw72%2FxgGkvIXl3cSoOWvftKVAKThNyw7IQ1KasISRXPIzrU6k%2B%2Fhc1MBxK%2B7xswRTSmtdr9OhAWMVkTrqBkMdyVnFnxyJ3Oj98XBVKeWeft8PVuwxpI%2FOsRr4pjzLlmgmpLkYKcglHMGayyAm2gNSs%2FxHWs%2BMYO%2BEhfGzCpIArf3kShEGqa4VUrJq6g1Z%2BM5Ama4vd33vXsz3kEcXIhd%2BwvNI60J6nGcJTaZxolgFDwxERBWxJpIzDWiOfvOWmPGQKPLqdR4EDMzyymQEBS3HuhkY5uzcUTJasnOtYSkDBMg4F8oEuM5lnRfzC&catalog_product_id=MLCU3810588594&zip_code=CL-RM_TUxDQ1NBTjk4M2M","4.990","","","","","",""
"https://http2.mlstatic.com/D_Q_NP_2X_648615-MLC107358884839_022026-P.webp","Taza Tazon Cafe Stranger Things Hellfire Regalo Modelos Negro","https://click1.mercadolibre.cl/mclics/clicks/external/MLC/count?a=CLkpPiciB4NVqcti6JfR2JvDeD87hi7br7opjcSVSv6ImY5VIHZEeEK64kjhEu4mu25hGftILUo2LJbri7%2F3aS1siofq%2FuaYU%2FzWk3lzK2Ue7rKz6dKTgbaSsc4u2UmY621LIVnRumYTYUpbedK364TanNQ%2F14RumckDD1fHoqu%2BtLSgOnRZXeUram78IbUMfHAdE%2BFocDFwczRiMSTDGaUUTbS8JbjlpPrH%2FWzq8LdwdK5%2BNzhg%2BntbokuoVDBmsbAGhgCFHy%2BGkJfqSx3ZQFgqveGkrsuMESvJbqkZSxZQNTas811%2Bpbs52Bv%2BQx7mBGs5VXZe3N5tPY833fkByokMct1bCAQrooFM36S3cFHuiDaRYsCiPmED8wuPSdwKqMx7G9jgQi%2F85qHwgTAl%2FOy7HgkksuzxVra%2FzCTi%2FMFZepN1YYoOZYDq0aWB0g%2FtXUgDXGfitUhZUEZjiamLeQkcBJ2xUScT86RRzCedgX1icSO%2BkraqrnrxvP53LFumx3jos4vs2VcDWtyuol3NGxr0CevOHpzQuLsRlR3wBd%2B5bCcMxTs5KYcmOHYxB3JvpJ5GIyd2lrySFAHMu3ThQAAlYFgV1uzXBVcAaOvVDEf6pQPlgAnq91P8o4IaUtKx3m0vzIm8OS3tWCylU0IIGO7MejLZB3kEwcF9VZ3tRHF6GYJAjbw65PTEjkrZNP%2FVSorkfATi415uiFTstfsQgmz%2Fu4Z%2FW6HOqxKshdozljEy8KQrZ9EJxVRyzhdjuIqQSIHMVvxTCj7W6L976nN66eiFtp1XWmf9HQ1k4fL%2Bb8bFNIYii7ihY7PdpM%2Bx3XLW1NSW2%2BYr3EOrTVAunPH36y%2BqDPMekTQEzVz7W71h4542LDJmXE5%2FlITgEOwy74WmWq0olPt2ctwg83Ri%2BXPhkdxbYhXAYNQuTKY1qY91FRqdj6cDe3EVJin%2BFzmECYy1u5dI6YvStV1MP3x5ESa%2FUa08oqVq&catalog_product_id=MLCU3791479161&zip_code=CL-RM_TUxDQ1NBTjk4M2M","5.690","","","5% OFF","","$","5.990"
"https://http2.mlstatic.com/D_Q_NP_2X_713964-MLC107820088850_032026-P.webp","Taza Tazón Mug Cerámica Mickey Minnie Stitch Disney 550ml Mickey Beige","https://click1.mercadolibre.cl/mclics/clicks/external/MLC/count?a=Qh8hASk7ynHwvhUZnImO%2BVeEKB67wQnJTM7QXRBpUOxWLzfCXrfkcouBEDr5F05AAR0hGVUOhYgjjajOV5UNUUX10azmCTfavBk%2FpGkPRMgPCyvXuJR0WBkU5tUjee35y5Ae3hQMPvtGy4soiN1xVpQJpcTtShleDMZq7COfVpZoLUCBn%2FoGOqNihYgK8lx7sSTyYKWBRuFV0wDhO6wlZL78vlWWQYCb8DiJ8f4Q7C83fsOUBfsx3RoOC%2FdhqWFCPlP7Xnv6zTT0D8p%2Bc7v8qDzTBXjzPaQEvhgpyNThhZvZ2Ee4GTMNGnhstJhKk4mh9JlxY3B0JbOAwM1B81bFDsAwapkt6aEJkbN2UICj68VUW%2B%2BxBOq8%2Bc6PxTTwv7FwPjb8kSzyi7kFuBG4rz%2Bkp7zMOugq5jzktwXW5CSWoYmv3sZIlmoc9pKkuGIuMJrv0OCHPxVjIHvb5bhoOVVDewcCm0WE45hVBZb2OS3PfcyAA2uggxodDQllWC8pMPvhKRwRVCYfE2E0TKEhydnVPFZwVQZApWVl4FkuseyEqvt6c%2BEuewEyAZnBO3q19rTt4auFwg8j9u%2BBG9ZNJ3%2FxSiyqnOAHVhlSQKdgJ%2FOTMMo%2BeSH53sJ3B%2FHecoRzu8kefPxJR4Zq5UPlK6PAS8D2c8n4oYI6EU6FWm41wRQ7P70ktDajXKh5nSnnqpMWjLWSiOTYHMdZ8brGRabyOJSohxpmgTJpeqzkcLjs7tWfOqh6ZHMYZbCzkFvuTYljzQMXJFn6ZiFA5ZVo2aVHgAqJrqhHBbcVMytkAIHgikpJuyELhagah68Osmx%2FTZEzw5elsGetdkbb0TZyTHu54fxiyQXRsGfWmb1XRZdEMbvKhHGEwROuJuCj51SV%2BQxmRuuLRl%2BHPN5%2Bj9C2keA2DIdZvuAPGT5XGfiv4mJQFAPZfMqhJe3WZFcrDike%2BZju3RDcKiP9RVSIGch7ttYnEOwXzq6fnzafidd55w%3D%3D&catalog_product_id=MLCU3844417374&zip_code=CL-RM_TUxDQ1NBTjk4M2M","9.990","$","832","","12 cuotas de  sin interés","",""
"https://http2.mlstatic.com/D_Q_NP_2X_802010-MLC106430009837_022026-P.webp","Tazón Taza Quix 325cc (11oz) | Marcas Chilenas Verde","https://click1.mercadolibre.cl/mclics/clicks/external/MLC/count?a=XWotIKebs371vKR9t%2F9Kez%2F%2F8BnTrY8U9%2BDBllTXwdvhopGdN6gOGPvBlkHEJSjL%2BZVr%2BHo5yG%2BIxvu%2BzETBCHJEUK0Dx%2BmowXhK6n22Xwe2KVAPH4gli3pKiRTm0lUi2JCbyrt0A5YGG2Ba2tnlsNcDzVK4DprJ0K90pV73fdk6%2FNA5txAU1ecStZrz%2FbGC%2FSHhf2wZXVelT%2F7CxXVlVwPyQJhHRWDXuhFmtATvMJxIZM%2Fexq927emYL7%2B2MQAGdLoMDVfwUMgcr7pAwMFwSpFvMvaE2FbTXhR9gLN81BP5tzcUlg%2FhC7alpWffyst03%2FZXi9iJz0bmLkpL0DBr2IX%2FBfIBfG0H0lG4SGL%2Fm6LTWq7pWpGCShH0eQrCgZPSDzPPvGI1IpYt3A0Xj6Fx%2F6O9sJ3CRoHmg%2BVIC5HHygYtNvIzQt%2BhunXq9nq4RAOQmgoWrDIodRQL0v4BFLRS%2B0V204NyProQB6PqN%2FVwdKve1GHr6y5JCpiayGTGhQuwtfccFSxHLDQgHohLaEGjjvA8PZqFgV48sXgX5NqCR9HYRnvcIQEyrSQWegNwmdeLpS61WBxbO8eP%2B101oqBCn3iOnJwPgpE1SuTUQulS6T1gHPS%2FgeOAyBzC9BgHFW%2BAO9safzMZr1HyJY2%2FF2LFYrQWDPnZDBkD4Q8YDw63xaZQjaQ5zL7pUTevDukSKAfx3HlcIugqSrpSuTk9tOYJexIamnS54DEtyl4yeKejA8hxmqBrjw0pNUEWn9J9KePpSl5zfSu%2FTeZ5SwN9I78w4K6PwU1jvPEYGJpI24McnVB4wIA7VAhTx4KFkGDBlNSqmbobqXwIrKVxmVSR9D8%2BLSN9YAkTsPdJ3R2s3pwhAJL9ceYOLJ0Odnuq1hiNuEjCW7Atu%2BiDndM4H2B5kHmZSyVvlAiepkoEF2t%2FFSKw2%2FQVvlSZzpkmTodFL0%2FvmJkG75ifQ%2FCD4Q%3D%3D&catalog_product_id=MLCU3775775408&zip_code=CL-RM_TUxDQ1NBTjk4M2M","5.810","","","3% OFF","","$","5.990"
"https://http2.mlstatic.com/D_Q_NP_2X_664947-MLC83745005971_042025-P.webp","Rnm-0435 Taza Tazon Iron Maiden The Number Of The Beast  Negro","https://click1.mercadolibre.cl/mclics/clicks/external/MLC/count?a=PKPUDCyzNJmRijDD7gbaSkGXi%2BlBhShyE1DePzyVGYP1jJ0aTFnkE%2BcM3cCtHQv3WC8eO828ttUud6XVbbBLq1gVBVHufhz%2BYkmwNk3wtwgyzVkfWN%2BOghCswwQXnrzbLo1f4pBIyXMAuV1wixIUSwt3Ii%2FGARmmm2p6WMoAl6otzrouOpb0Dxuvyvn86oqI%2F5UUvZ7ndC9EzjLKqq5UVwBmTU1PlcjeusgjE5XlhatSygclal1yr9wSxaxWQtglTZ3vi6468AbhM8GC3eu3veb1uHoLMqAtm24MxQ2f8UNpluFz5z2Vbk6X2uzYEu%2B%2BsKCGUpEa2QDQBA4FiU5AHbx28cxxmrPx%2FPk7LjJGlFW3%2BVuNZrhrgmYNEmjqyZ%2BWgi3RERvztuM3LKq%2B%2FAGW%2FrljTpFGLnYZkr2sfJaCxzvUu5eTyg8G4ld1lxtWcSJzQypa2yON9K6yCRqP%2F1cJZOT%2Br33Abfmsr3WqvIOdH14CnAIfV%2FEbhzLuHJFQVpu1Is5nORj6GKaGvECSLnXkDjH12aVrurwUmNrDfBTY0l%2FPA%2FBRHdcYzyNfQ8jM5V%2Fa0RxQomVtepPIBhbdCsiQ95K2y0tnkQbFK%2F389ndF2nUEfVVs0JjwqGZddYpI1biOjHEnPX9jg6Pd1oIFfilrvkpy9yrz4ng3YMTkrUwSTn93L%2BNM%2BEUopPNXVRKCCSktmzxqfTmrbhhe1nT4mNI4Ug415s90mQdNOb69UtX%2ByLXpmcwJkLoDY%2FgqXo%2F5C5ZMHfCgRpuwmiZQ4jry%2BOGjSwtaKp%2FPpYZ24h3uioE91jY8SwotPfZkp%2FBwd0ty4bol0WUSUQ%2BqGnnUm6ypHZSQLrlyCnMGXzod%2FAfyEG%2F81%2BZg2EVUNj4ldZ4hrtpsmlvbTP4V9wX3iHSiN3bYlSX1knkjLcC0tGMtNijf6PyJWs15kTEJLyeyylkUcctnG%2BCjynXNCA%2FBjvFluc3dNqlwr3Oh1h4%3D&catalog_product_id=MLCU3120060837&zip_code=CL-RM_TUxDQ1NBTjk4M2M","6.440","","","19% OFF","","$","7.990"
"https://http2.mlstatic.com/D_Q_NP_2X_780975-MLC82815474967_032025-P.webp","Taza Personalizada Ceramica Foto Imagen Logo Sublimado","https://click1.mercadolibre.cl/mclics/clicks/external/MLC/count?a=KUkhtLLZw1MVlxijK4kyF9F3M%2F66ub6sW3JK0URTOu8NhblUnqSkVk6Fv8%2Fj%2BWcp94GBwZjSoAPtiC1lM9z%2B05OMIAhAWHxQpLH0nMNNk78a1vSqte%2Fiunbx%2FXESPvYLZ2NqJ6Lk3u9LpbrRmX0UFMMjUh4zulw1Vnz0ZNQt8LN8pLT%2FBxpibjFF1bcE%2BC1NHrYXrZPgJc4DjIQgd2PdWi2Zk37sN9tkjYtVQ%2BUNzcNQmnR%2Bk6GQoaeEtGKIhoPJ1P%2FusoHoDNjazF1orIsvkdlgQFHQou80LvEttYTbKyn45UgXwn5bDjSjBbKyw29FsJ8p9UyKotkSq2GVjSsx%2FrJQelGp3%2BDgSzjsiVJ%2BR95QXnzePACjlr4kglmYJF3w%2FG27JuYe8MixLXYZKsySDCtcuKCkPDVEOY%2FCW7Qc%2F4Ik94v0J%2BD4i6KMe0EUOJYnBSEXX528YZ5RehsTufkX%2Fy4rwqUhXwbUYOoT5%2FRF5%2FCMEGlnZFuTjmqMLfD90SUTXDNYgd2SPc7DHLQgroY2%2FIPlQ0YOp1geS7hLlQD9GydD8FpnyfIuhToJsrkUhz3QDuj4csLJaUo8ux2XA7eGiD0ErFxOLbJ6shZmdIqCvKz%2BrZnPCGW5ebBrfHRQDjnowwQZ5w4lOm9%2FhB0dgR0CluQw6W0O0OKAZQ4rfujS5Hoeh72dS4jaQR2Z%2F%2B1uINQ2uA%2FpO10RCltzZTv6Us45D0mq%2BiDAt9Vzjx%2BcbzDLYgLRUOtUtcn8jca3vLrdeowytDs895x7GPjZMly7%2BfuZ83J3Z0j%2F2AQOkVC5IEB0E%2FZnpukR8EAQ99ZJNNMGDXkFTSWLHuqGPbBRLmhdVZjrUlIi6CPjBAR4zxCGFJ3AmldOOU5liFyKFhk%2FmpvBtpvNFFfPvBwPxYjGPLr97hwtlcbeg0PvwYqfPUSNQvl7HCe5AWRBUMMiM0UPXG2mOGzA%2F6d70%2B31kSMz1EoyuZQ7&catalog_product_id=MLCU11196405&zip_code=CL-RM_TUxDQ1NBTjk4M2M","2.894","","","42% OFF","","$","4.990"
"https://http2.mlstatic.com/D_Q_NP_2X_705884-MLC75893554962_042024-P-taza-mug-termica-dragon-ball-goku.webp","Taza Mug Termica Dragon Ball Goku","https://click1.mercadolibre.cl/mclics/clicks/external/MLC/count?a=ez1j%2FUlakdWfuMc1aAoYU7%2B7mKlsFpT4KOaZEy0kZArTWlt%2FfaD3lfaAIqbE3fSE0VyqIzZ0RYDYrE48xwmrfJwTRws5lRViQaaaVPwixkhXI%2B8ToFmv1EPNsoK4CTU0xTqzNS2wO7HisE%2FPahDlXijgZF0YdcHS8XU0uJe%2B8EIvKq9sZvP9dkuEOgsHu5CYo%2FdsUZ1VUEKVyK%2B9PSNcq9SHGkgqEzsml8UV1iPbrXbZt9WcXdfq8KQkGhVjEilKm7UEyfC7aNDyMgCHcFaVaeraxPTbO4HnRGUc31IIKtIOieY2OnDP1UyG%2BJdr60qGQNXP%2FW9pwILDMPARAm4szs31%2FdOrJxeRXIjDV%2BfF%2BzBtp8S7gsrLQyOFaBAF1h1QZcudPAlVP3Xb4LV%2FBVsZrX8qdBE3RjE14sIudoWQWsPVgoXsOj2fa2cCb%2BF4DSWSJmZ%2BsfevGD%2Bkfnw4oZOLpyTnWzkJGX2z%2FBMzy7cNtomi4tMA2t1%2Bp266hYzKFRYP%2B98cvYtlzYBAqowPl6Fwn4JZpf74cp3%2FzL865NxrF%2BqNzXLA9oswQXNtcDM1vQR1ruGtH00zWFPFUNrsIRup0I565KIO3EEPwVrCj14yxSOopbFh8Uh8MQViwk5vPGrLigqYTtgMErC2eEEq2lLglyaY3ss0NWkzHkeAK4J5xf18D3pVWjOcksaB2qkxIBtAzgTvTWz8L7KtLXPe3yIVYa72tD%2BeYnNasCa4k6jzWpq0oF1LvQkrbOBsYzykjKO%2FoK77W7fy1%2FAExUwJu5T4zoC48GLzN79QYYz80A7%2FDALtgFusaSa7HMApkBR1OSXSb8KbQ52AccTiofKrVmgLVT5U3zgpd7SB6%2FiUm3rRwj4MfxMxNdbto0bTOSNWr929cKP9Q%2FlXLqfHRi4arSg%3D","14.990","$","1.249","","12 cuotas de  sin interés","",""
"https://http2.mlstatic.com/D_Q_NP_2X_761457-MLC99730036073_112025-P.webp","Tazon Futbol Soy Hincha Del Mejor Equipo Everton Grafimax Blanco","https://click1.mercadolibre.cl/mclics/clicks/external/MLC/count?a=%2BUe%2B7mZST%2FY2Q5CVqoyr9yzNDn65HNJRk6YreMBWR1jEHnfchrMbuI1tkfZ7JrgCP5JYhLWo%2FrZDVDBH0mSdUMNZSXQXvPQr2P3pQqQmCY3diB88bLY4bF5HT0Ug1cxs6qNlTFOAb%2B1ZfpFDsGpLFwiBbw2IZA4LlAweamyl3j%2B6%2FPle57pAAd4044q5DYoaVUT2VyfoiiQQIWMIr9x7o%2Bh4exOO%2FKKFBdPBWd5MNPjwTfxzwGw8MdfHuXQ3z4nQwXFVfulWtqKnCXhOuNk%2FeIh2FAsCp%2B6NNzQRms5nrxdnvhgnMH%2FVv13QvVxYeiNlfmv%2BNvlUCN1%2B%2BcHNH1hfRQGbU6QiVs1KOSAAVvpdwOOzl9EEYzdMg%2BKAOxVmBYtuvv3Jvr5O4fALX6raiU%2BuyNh8q2%2BwjX34RHqoJI0Y%2BsLi8IPTq%2BzXEf6lSvStZm56xt6byVj%2B3NIx9yCXvo2J9fqHJq4CIs15DcoRo29ANJ9Ub2Ef6E1xdBwqzTqZkTEAIMMXnk%2B%2Fl89hQ4qXW3eK2KbTLCM%2BIhkth3ILVW1139miVeqI4tRFp9%2BUdOB4D5v1cnuScHLS48yzk9Z3LohF2gzq5ePwHjG2gx%2F%2BQRPJhc%2F0xuBJQUTxVedjTT1KGUo3dzJXv2K7gFHYSRRFxBtwWBL5gXUrIY1MLdEoyFNvWfZJhpO2vMr8eT4grWBIevODKu%2F3bWhZ%2B%2F%2BMk6lDJIryAQAiGbFDHRfuf5PXj%2BmGam0Ds0mrNhCeO%2FkE%2BbLyoshYu8d3WdyBBLT6YqzHftbU77k%2BzkTcJY7mdw5LJqwhNG9%2BH3jQETl%2BsYXGhLA%2F3SdfxcAEyzUVyBsGdxlJMsgcUbJmrJwTxYMr6gXJ%2BQMxLWqTIXnldLvUWn4A5S2dKI30aipYNr59jbzYSo6yq%2FazYNwwGRt7Y9CuelwjQlfZ%2FCuzF3D0iwcjY1oBMlLiVLV76p9bKYPw0U8xNCVii1isCCj2WX37QmasUg%3D%3D&catalog_product_id=MLCU3637758186&zip_code=CL-RM_TUxDQ1NBTjk4M2M","5.519","","","7% OFF","","$","5.990"
"https://http2.mlstatic.com/D_Q_NP_2X_600658-MLC41318283014_042020-P.webp","Set De 4 Tazones  Pájaros De Chile N2 Andes1","https://click1.mercadolibre.cl/mclics/clicks/external/MLC/count?a=svMHZX5GJ9OLGSJtQ1OmS0lfNidqDQNb3ghByd%2BeqGMziTTfp8qEqXnqI1ugfjbKm4orPAHzZTa37v5v7cX38%2FCTO%2B%2F8dekrDT8fNylTS%2BQ4ez9hVtBVd4h1MXg%2B8joCQdQ5znLwbEG1oTC5HKBcJvLxBrnEAsd76pV1MFBYgymV%2BnjOT0IhB%2FLMqgYf3mIhP3ltum7h7Fbe8VNdWISeS5AjFl9i%2B9wZh%2BGvOT1i3wIHgEdxRfuNOBn6AmEaQtszk1PPWLUVqUM63YHBKIKlv%2Fb7dx0TqpfttpoZPChxOC0J6ZCJ3LhGdI0axzTCYxV8uUWrUX5pp3uTyCz9d2Rw%2BhiE3ty%2FurZTMGM2ech4m9MRGio08SDAfE02yonYS4%2FFaJp00L5%2F5slKseZc0zRk%2BFgKarI8FRVogPq0HCo8pYeSmSdKajPzFYAd2ofJOyvJm%2BbewmZhT6UAms7CT9tEZJVyvdbGPt3zaWPNIlEjSMsoh%2BLqc3USzHbOsDyF5j%2BXC0F4ALwZdn2%2Bj2wOKQJ%2BRBImpc7aeMRe6Oh9ha22wImxBXjAKbh9MVXqFTBCx9%2FVwPiwe05kbwxUkEdGJRFNV2OYuIGrQBisALz19nSg7VIpEH0zKsR9VLx%2FbyMGhtkuzJ%2F7vCIsJoEONrP8g56NGrgU7lqGVCIIWPyIBiNqo%2BeOy7xWu2mHjTXnMPLJbaJj77hTbvSecjZkUlOMT8Ku68MOXkHNZ%2FZ%2BogH5fviSe35LMe1Ei0INfgQF%2FFy2DbIG02eVWDXx9NctN49OtelzfVMjUW4Iny32aIoOhe6A72%2B5pGk0iD9NENzovbMf1OJVnM2xbqJs7vP7LMaInX7WKw%2BY8KDGmsbXURcYguZNl%2FdutZGnhow%2BYALtUzeKVlGlbeIy%2Bx3rdKjYzMOpgU52UIFhEp%2B2FckmH2tcvWEh4tZ2OGaQaRXlfZ07iXAhSVzqGovzXw%3D%3D&catalog_product_id=MLCU29623797&zip_code=CL-RM_TUxDQ1NBTjk4M2M","29.990","$","2.499","","12 cuotas de  sin interés","",""
"https://http2.mlstatic.com/D_Q_NP_2X_648987-MLC79991156772_102024-P.webp","Tazón Coraje El Perro Cobarde","https://click1.mercadolibre.cl/mclics/clicks/external/MLC/count?a=ztxp5gD4Nwkd3KgDqEWL8SzbLdap9dHxzast1ridEZwXNuRFziXuEJF38MjcAN5%2B48NEvx2IkWBKHKx3auYVbknEh1VCWxzxD5swuFHYhH18%2B7zed4YMqKL2aWEOGngq5DDCExsmva72ZckQp5EO65yqMiagasor34qWRn9yqPp%2BEgx%2B0Cygatotl2%2Fer0ES6wn%2FrrClVcD0V243UPUA7PaGL%2Bi4QaJLIV2GCsL2p04%2FHBRgCfYG8yeW0cyoLeiD14NSsnSSBit2C5Zx9IUL%2B4bvTpyv1CtXhHjru6a4w%2BRHuDcRPZvh6LlXmWXM%2Fswutf%2FlgIOwdsObHSGEtnqvfVQiADcCIBQvZ9CQg50o0hlG0%2FHxGPzVZm3GQ9s3OCm0OpL14p9nT4ittit8MGqYAPBoWNSR%2BupOAE%2BXm4bIi6hUmyv5l3WiNXHvpVx1VgIFHJz4biK0eqRXTTB4RlvKat4kcgVckW9BJ84g5GCt8bHRIlK9WdvmA26TZRAYMx1Nj3MYyRMyNKIfn%2BaAMgA36L9ZmamugYqeggMBaNJMmTw%2Bv606HDaXjXSxjagTyyDHj2CFAx2ZbMOkWlRnbiy0xUJMJ2ZUp3mA93lzshTuPVwdOeJ5YNWD0geTrrmkI0NDdZ5x%2FXIyqkPFqSzIjnIRy3idVtzeMmlv1%2FnABJ1Xu1u1Axq74hXWJY8QKTvajkIFmIrkuf1FKKjl2x7AyYxvqBK1SdgKrBX3cfFCVmYiN6WA3JhgnOKndEHY89%2BYdvHPhWM9jFv8yHb0b2a9GsEcLSxKfP6xAxpxlscRa1qRvZGYN6Ks89CuFJMqND33eXefE%2FbLWcnAiCbIHCeqgY9bIBru0qY97Ui83GU%2FZDtKWX95dsjSoE18mMlRC%2B1l3mS9cBdm%2BD20BN%2Fxy0nC2ace%2BWKMh0GRCOtCYywOOlqpvU4eHKj%2FQhdwzqnk&catalog_product_id=MLCU2237205676&zip_code=CL-RM_TUxDQ1NBTjk4M2M","5.519","","","7% OFF","","$","5.990"
"https://http2.mlstatic.com/D_Q_NP_2X_650770-MLC69979436328_062023-P.webp","Tazón Patricio Estrella / Bob Esponja Rosa","https://click1.mercadolibre.cl/mclics/clicks/external/MLC/count?a=rIQ%2BWBS7WAPLCMv%2BUJ5Z4lYlHlYyatCYD2Kpvj4L5e%2FgnXcPw%2Bui0qdn4loNvbbDER4VE9RUM9DwrtgwnCimaPiu%2F2F98r%2Bh%2FpgQEO9V4ZbNqSbnMTvzOgjhtygK0dC0f4WnlJbNhVGGUkK%2B6MEwKbHSNm8SZG5I7HcfGjJ%2F8owSxOn77gN3qaeRZJO7m6BYr48yE63SqYA%2BaiFHwrwL3mPW0KR15sschmd8HgcNvvg6Cv84dg0ag90beE1CYB29L4GrZtFHeagcjBvtf23%2FAIrGebYDf%2BHu5sfhCJyQprd%2BZn6oUyem6pQKm8FBuMVW6NaCCEh48zpJ6Qd4%2B3rvegfu%2FYZUwbxCIT8rfceE%2BrCPPxD%2FtZXrqNMd7C17C7cUV6qfIpxgTN%2BXZVLHtXsEvQ1WKn3mr84zfFUqmJjGtcf54xu4M7a14Kzf9qMQfWGV7Yzc93rfRl4a%2Bwf3hwK6k7xeDNlUli1hVHAIbnNBcoQ%2BCf1k62LAovB134GiEDm48NDG9gjpPRGfNl9Uo%2BUSZVV25l3WYI9ykedNOQ1%2FOLu1ifmM3GdlGy%2FbQWfJITSG36Qd3KpJiEz1esAfjARe%2FSGjQ6zXUX7smcx18zsbuf%2BHfe9SEPwKygxkYb5Kg9zS2EZ6cNZGs5B0la0Sb%2FwsmnO6tcjAsvajD654biPa4y71oi1Qqn%2FlxTL2mR9Y%2BkhRkItfBnvWyfIvaFxqB7CwmfrKv2HDD21OWY8EZL1mZSbRMTU3Pzu7ElkU%2BWoR2KhDzZCIb87OZGNdo0XrstCR5bH9yJILK3MC4qX0dtwev7OkPbmZNKFDTafTeNIXAmspCeLLfHSkcKW0B4zIhrPm7PY6NE3cz1MxCoPCMLsWmgL15ucIU%2FW3eYUfpRFNYLNPIBrNCl%2FEfDNNetaL8hxjHkhcjW%2FoHoKUwT3gqW4AjO2Z%2FNLQ%2BBd2cNoSttGIREg%3D&catalog_product_id=MLCU73277225&zip_code=CL-RM_TUxDQ1NBTjk4M2M","4.990","","","","","",""